2186.000000,0.000000,0.000000,0.000000,0.000000,0.000000,0.000000
2147.000000,0.000000,0.000000,0.000000,0.000000,0.000000,0.000000
2059.000000,0.000000,0.000000,0.000000,0.000000,0.000000,0.000000
1992.000000,0.000000,0.000000,0.000000,0.000000,0.000000,0.000000
2038.000000,0.000000,0.000000,0.000000,0.000000,0.000000,0.000000
2170.000000,0.000000,0.000000,0.000000,0.000000,0.000000,0.000000
2158.000000,0.000000,0.000000,0.000000,0.000000,0.000000,0.000000
2108.000000,0.000000,0.000000,0.000000,0.000000,0.000000,0.000000
2058.000000,0.000000,0.000000,0.000000,0.000000,0.000000,0.000000
2034.000000,0.000000,0.000000,0.000000,0.000000,0.000000,0.000000
2018.000000,0.000000,0.000000,0.000000,0.000000,0.000000,0.000000
2128.000000,0.000000,0.000000,0.000000,0.000000,0.000000,0.000000
2160.000000,0.000000,0.000000,0.000000,0.000000,0.000000,0.000000
2180.000000,0.000000,0.000000,0.000000,0.000000,0.000000,0.000000
2096.000000,0.000000,0.000000,0.000000,0.000000,0.000000,0.000000
2030.000000,0.000000,0.000000,0.000000,0.000000,0.000000,0.000000
2043.000000,0.000000,0.000000,0.000000,0.000000,0.000000,0.000000
2138.000000,0.000000,0.000000,0.000000,0.000000,0.000000,0.000000
2162.000000,0.000000,0.000000,0.000000,0.000000,0.000000,0.000000
2200.000000,0.000000,0.000000,0.000000,0.000000,0.000000,0.000000
2114.000000,0.000000,0.000000,0.000000,0.000000,0.000000,0.000000
2024.000000,0.000000,0.000000,0.000000,0.000000,0.000000,0.000000
2043.000000,0.000000,0.000000,0.000000,0.000000,0.000000,0.000000
2107.000000,0.000000,0.000000,0.000000,0.000000,0.000000,0.000000
2162.000000,0.000000,0.000000,0.000000,0.000000,0.000000,0.000000
2157.000000,0.000000,0.000000,0.000000,0.000000,0.000000,0.000000
2090.000000,0.000000,0.000000,0.000000,0.000000,0.000000,0.000000
2024.000000,0.000000,0.000000,0.000000,0.000000,0.000000,0.000000
2002.000000,0.000000,0.000000,0.000000,0.000000,0.000000,0.000000
2092.000000,0.000000,0.000000,0.000000,0.000000,0.000000,0.000000
2150.000000,0.000000,0.000000,0.000000,0.000000,0.000000,0.000000
2130.000000,0.000000,0.000000,0.000000,0.000000,0.000000,0.000000
2052.000000,0.000000,0.000000,0.000000,0.000000,0.000000,0.000000
2027.000000,0.000000,0.000000,0.000000,0.000000,0.000000,0.000000
1952.000000,0.000000,0.000000,0.000000,0.000000,0.000000,0.000000
2032.000000,0.000000,0.000000,0.000000,0.000000,0.000000,0.000000
2110.000000,0.000000,0.000000,0.000000,0.000000,0.000000,0.000000
2139.000000,0.000000,0.000000,0.000000,0.000000,0.000000,0.000000
2080.000000,0.000000,0.000000,0.000000,0.000000,0.000000,0.000000
2014.000000,0.000000,0.000000,0.000000,0.000000,0.000000,0.000000
1979.000000,0.000000,0.000000,0.000000,0.000000,0.000000,0.000000
2027.000000,0.000000,0.000000,0.000000,0.000000,0.000000,0.000000
2136.000000,0.000000,0.000000,0.000000,0.000000,0.000000,0.000000
2154.000000,0.000000,0.000000,0.000000,0.000000,0.000000,0.000000
2106.000000,0.000000,0.000000,0.000000,0.000000,0.000000,0.000000
2032.000000,0.000000,0.000000,0.000000,0.000000,0.000000,0.000000
2002.000000,0.000000,0.000000,0.000000,0.000000,0.000000,0.000000
2064.000000,0.000000,0.000000,0.000000,0.000000,0.000000,0.000000
2154.000000,0.000000,0.000000,0.000000,0.000000,0.000000,0.000000
2160.000000,0.000000,0.000000,0.000000,0.000000,0.000000,0.000000
2090.000000,2088.431396,1.568604,1.568604,0.000000,0.000000,0.000000
2016.000000,2085.098145,-69.098145,69.098145,0.000000,0.000000,0.000000
2002.000000,2082.255127,-80.255127,80.255127,0.000000,0.000000,0.000000
2048.000000,2082.039551,-34.039551,34.039551,0.000000,0.000000,0.000000
2150.000000,2085.137695,64.862305,64.862305,0.000000,0.000000,0.000000
2170.000000,2087.725830,82.274170,82.274170,0.000000,0.000000,0.000000
2099.000000,2086.333740,12.666260,12.666260,0.000000,0.000000,0.000000
2051.000000,2084.235596,-33.235596,33.235596,0.000000,0.000000,0.000000
2002.000000,2082.157227,-80.157227,80.157227,0.000000,0.000000,0.000000
2018.000000,2081.372803,-63.372803,63.372803,0.000000,0.000000,0.000000
2114.000000,2082.941406,31.058594,31.058594,0.000000,0.000000,0.000000
2170.000000,2085.921875,84.078125,84.078125,0.000000,0.000000,0.000000
2152.000000,2086.392578,65.607422,65.607422,0.000000,0.000000,0.000000
2106.000000,2085.333740,20.666260,20.666260,0.000000,0.000000,0.000000
2082.000000,2083.412109,-1.412109,1.412109,0.000000,0.000000,0.000000
2129.000000,2084.059082,44.940918,44.940918,1007.754089,0.000000,0.000000
2256.000000,2088.490479,167.509521,167.509521,389.460052,0.000000,0.000000
2314.000000,2093.804199,220.195801,220.195801,1758.069824,0.000000,0.000000
2310.000000,2097.176758,212.823242,212.823242,563.809875,0.000000,0.000000
2244.000000,2098.784668,145.215332,145.215332,-2473.943115,0.000000,0.000000
2146.000000,2097.725830,48.274170,48.274170,1326.804932,0.000000,0.000000
2136.000000,2098.157227,37.842773,37.842773,-220.863281,0.000000,0.000000
2154.000000,2100.706299,53.293701,53.293701,1159.350708,0.000000,0.000000
2102.000000,2101.863281,0.136719,0.136719,294.154205,0.000000,0.000000
2018.000000,2100.118164,-82.118164,82.118164,17429.654297,0.000000,0.000000
1867.000000,2094.333740,-227.333740,227.333740,26115.619141,0.000000,0.000000
1738.000000,2086.118164,-348.118164,348.118164,-1868.155762,4304.533691,0.000000
1726.000000,2078.980957,-352.980957,352.980957,-16152.670898,4043.087402,0.000000
1758.000000,2073.765381,-315.765381,315.765381,-8412.317383,2539.257324,0.000000
1738.000000,2068.588867,-330.588867,330.588867,-10124.905273,1614.676758,0.000000
1696.000000,2060.824219,-364.824219,364.824219,-2316.186523,642.975403,0.000000
1672.000000,2051.451660,-379.451660,379.451660,61038.769531,657.316895,0.000000
1611.000000,2041.275146,-430.275146,430.275146,41055.105469,6085.677246,0.000000
1674.000000,2033.863403,-359.863403,359.863403,-2944.780762,9838.038086,0.000000
1846.000000,2030.314331,-184.314331,184.314331,-2383.142334,9464.935547,0.000000
2078.000000,2032.784912,45.215088,45.215088,51393.867188,9221.544922,0.000000
2226.000000,2036.588867,189.411133,189.411133,75192.039062,12309.200195,0.000000
2288.000000,2040.079102,247.920898,247.920898,39147.902344,16770.693359,0.000000
2304.000000,2043.314453,260.685547,260.685547,42633.179688,20499.425781,0.000000
2338.000000,2048.373291,289.626709,289.626709,35313.144531,25843.593750,0.000000
2424.000000,2056.412598,367.587402,367.587402,28543.392578,29818.636719,0.000000
2499.000000,2066.608643,432.391357,432.391357,-90.720215,33333.937500,0.000000
2474.000000,2075.373291,398.626709,398.626709,41842.316406,33536.253906,0.000000
2362.000000,2079.804688,282.195312,282.195312,95615.617188,31791.121094,0.000000
2238.000000,2081.451660,156.548340,156.548340,13099.060547,36751.167969,0.000000
2192.000000,2083.137939,108.862061,108.862061,-10681.755859,38209.699219,0.000000
2210.000000,2086.628174,123.371826,123.371826,-18031.486328,37455.281250,0.000000
2232.000000,2091.137939,140.862061,140.862061,-23383.490234,31143.886719,0.000000
2226.000000,2094.314453,131.685547,131.685547,1751.226318,22182.474609,0.000000
2144.000000,2094.118408,49.881592,49.881592,74598.203125,18782.777344,0.000000
2042.000000,2091.804688,-49.804688,49.804688,123250.578125,21688.687500,0.000000
2002.000000,2090.079102,-88.079102,88.079102,21562.173828,29683.000000,0.000000
2022.000000,2090.196777,-68.196777,68.196777,-6256.209473,29048.343750,0.000000
2098.000000,2092.079102,5.920898,5.920898,-6173.945312,28487.843750,0.000000
2091.000000,2092.922119,-1.922119,1.922119,-19526.791016,24122.728516,0.000000
2064.000000,2091.235840,-27.235840,27.235840,-31501.205078,13655.237305,0.000000
1995.000000,2087.804443,-92.804443,92.804443,-31408.634766,9600.667969,0.000000
1946.000000,2084.804443,-138.804443,138.804443,14969.134766,7716.406250,0.000000
1960.000000,2083.020020,-123.020020,123.020020,20682.708984,10716.462891,0.000000
2068.000000,2084.314209,-16.314209,16.314209,2392.377930,14722.480469,0.000000
2104.000000,2086.000488,17.999512,17.999512,-2109.819336,14780.766602,0.000000
2070.000000,2085.137695,-15.137695,15.137695,1418.644287,7807.310059,0.000000
1986.000000,2081.529785,-95.529785,95.529785,1836.171387,-3268.320801,0.000000
1936.000000,2077.294434,-141.294434,141.294434,7133.282715,-5061.593750,0.000000
2016.000000,2075.529785,-59.529785,59.529785,-2081.328613,-3844.367188,0.000000
2110.000000,2076.078857,33.921143,33.921143,7055.425293,-3472.311035,0.000000
2134.000000,2076.177002,57.822998,57.822998,3113.196533,-1055.745850,0.000000
2152.000000,2074.137695,77.862305,77.862305,2153.582520,2091.018066,0.000000
2064.000000,2069.235840,-5.235840,5.235840,-723.059509,5142.128906,0.000000
2038.000000,2063.902588,-25.902588,25.902588,130.858719,3715.565918,0.000000
2067.000000,2060.431885,6.568115,6.568115,4755.116211,1847.215942,0.000000
2162.000000,2060.745605,101.254395,101.254395,6532.877930,2062.010254,0.000000
2208.000000,2062.157471,145.842529,145.842529,3307.704102,2847.709961,0.000000
2128.000000,2061.647705,66.352295,66.352295,9972.070312,3019.442627,0.000000
2056.000000,2060.745850,-4.745850,4.745850,-354.040771,3759.069824,0.000000
2002.000000,2060.432129,-58.432129,58.432129,4376.955078,3078.404053,0.000000
2066.000000,2064.333984,1.666016,1.666016,526.741943,3665.520752,0.000000
2152.000000,2072.451660,79.548340,79.548340,-1687.524658,3072.004150,0.000000
2194.000000,2081.628174,112.371826,112.371826,9832.357422,2635.574951,0.000000
2184.000000,2089.981201,94.018799,94.018799,-463.870483,3333.645508,0.000000
2098.000000,2097.040039,0.959961,0.959961,5800.183594,3357.208252,0.000000
2022.000000,2103.432129,-81.432129,81.432129,557.750610,3872.601318,0.000000
2024.000000,2110.333984,-86.333984,86.333984,5607.028809,3491.022705,0.000000
2114.000000,2120.196777,-6.196777,6.196777,-1484.275146,3406.854492,0.000000
2162.000000,2129.765381,32.234619,32.234619,109.810135,2971.219971,0.000000
2166.000000,2136.039795,29.960205,29.960205,3452.966064,2074.650879,0.000000
2134.000000,2137.137939,-3.137939,3.137939,916.205566,2420.742432,0.000000
2062.000000,2133.922363,-71.922363,71.922363,-4709.785156,2106.128906,0.000000
2080.000000,2129.843994,-49.843994,49.843994,4640.396973,1630.080933,0.000000
2138.000000,2126.589111,11.410889,11.410889,2422.376465,2205.346680,0.000000
2186.000000,2123.608643,62.391357,62.391357,2090.493408,1531.712036,0.000000
2176.000000,2118.745850,57.254150,57.254150,-254.604248,1763.926880,0.000000
2106.000000,2111.040039,-5.040039,5.040039,1183.767090,1213.491577,0.000000
2036.000000,2102.451904,-66.451904,66.451904,-2053.711182,1270.402222,0.000000
2038.000000,2096.098877,-58.098877,58.098877,5754.027344,573.971313,0.000000
2138.000000,2094.138184,43.861816,43.861816,980.947815,1231.998779,0.000000
2190.000000,2094.098877,95.901123,95.901123,-188.965836,1311.193115,0.000000
2178.000000,2093.471436,84.528564,84.528564,6330.270020,980.108398,0.000000
2114.000000,2091.157715,22.842285,22.842285,-1243.991089,1472.296143,0.000000
2034.000000,2087.393066,-53.393066,53.393066,860.968750,1787.368286,0.000000
2042.000000,2085.393066,-43.393066,43.393066,1204.965454,1443.783936,0.000000
2110.000000,2086.726318,23.273682,23.273682,1459.946411,1333.110229,0.000000
2170.000000,2090.020508,79.979492,79.979492,-481.405609,1275.787720,0.000000
2170.000000,2092.922363,77.077637,77.077637,216.062363,1255.169434,0.000000
2098.000000,2092.922363,5.077637,5.077637,1590.400757,1167.196289,0.000000
2050.000000,2092.118408,-42.118408,42.118408,1758.821655,1498.479248,0.000000
1982.000000,2090.510498,-108.510498,108.510498,663.327332,1135.278809,0.000000
2026.000000,2091.118408,-65.118408,65.118408,-2665.094727,1106.404175,0.000000
2122.000000,2094.569336,27.430664,27.430664,500.961121,881.301514,0.000000
2152.000000,2098.333984,53.666016,53.666016,144.767731,351.364319,0.000000
2115.000000,2099.255615,15.744385,15.744385,950.381592,477.615112,0.000000
2048.000000,2098.157471,-50.157471,50.157471,-1154.505615,485.743561,0.000000
1994.000000,2096.667236,-102.667236,102.667236,3581.634521,271.246185,0.000000
2058.000000,2098.079102,-40.079102,40.079102,-1167.146606,464.126892,0.000000
2112.000000,2101.530029,10.469971,10.469971,3771.762939,401.786804,0.000000
2098.000000,2103.137939,-5.137939,5.137939,1187.255981,725.032349,0.000000
2082.000000,2102.588867,-20.588867,20.588867,92.670464,688.382812,0.000000
1992.000000,2099.804443,-107.804443,107.804443,-870.374756,536.914551,0.000000
1958.000000,2096.000488,-138.000488,138.000488,5646.342773,397.487061,0.000000
1995.000000,2094.647461,-99.647461,99.647461,-3959.948730,1153.072266,0.000000
2042.000000,2094.725830,-52.725830,52.725830,182.843857,747.535034,0.000000
2082.000000,2095.020020,-13.020020,13.020020,865.433289,750.996521,0.000000
2010.000000,2092.039551,-82.039551,82.039551,139.356186,743.273926,0.000000
1914.000000,2086.274902,-172.274902,172.274902,1714.346436,860.897705,0.000000
1890.000000,2081.608154,-191.608154,191.608154,5017.341309,691.144226,0.000000
1928.000000,2079.098389,-151.098389,151.098389,-7714.974609,1253.370361,0.000000
2051.000000,2080.059082,-29.059082,29.059082,-1150.559082,209.121460,0.000000
2068.000000,2080.098389,-12.098389,12.098389,-213.161057,-3.407166,0.000000
2032.000000,2077.745361,-45.745361,45.745361,513.804199,-31.210030,0.000000
1974.000000,2073.431641,-99.431641,99.431641,-83.451218,94.624420,0.000000
1944.000000,2068.725830,-124.725830,124.725830,-1337.479736,-426.265961,0.000000
1966.000000,2066.137695,-100.137695,100.137695,7212.530273,-187.859695,0.000000
2056.000000,2066.804443,-10.804443,10.804443,7665.563965,451.202759,0.000000
2114.000000,2068.569092,45.430908,45.430908,1837.556152,1069.396484,0.000000
2130.000000,2068.882812,61.117188,61.117188,1155.660645,1223.778320,0.000000
2030.000000,2066.294678,-36.294678,36.294678,1991.508423,1172.988647,0.000000
1994.000000,2062.922119,-68.922119,68.922119,309.276855,897.912964,0.000000
2018.000000,2060.647705,-42.647705,42.647705,530.624329,1627.390381,0.000000
2114.000000,2061.667236,52.332764,52.332764,-3902.738770,1780.225220,0.000000
2150.000000,2063.039795,86.960205,86.960205,-4372.739258,1444.809082,0.000000
2130.000000,2062.882812,67.117188,67.117188,10684.192383,1000.577881,0.000000
2058.000000,2060.373047,-2.373047,2.373047,-355.044006,1979.454590,0.000000
2022.000000,2057.353516,-35.353516,35.353516,2879.567139,2068.766846,0.000000
2032.000000,2055.902588,-23.902588,23.902588,-8.894626,1674.861084,0.000000
2152.000000,2058.177002,93.822998,93.822998,-1373.524414,977.183044,0.000000
2210.000000,2061.549561,148.450439,148.450439,4200.372070,685.266602,0.000000
2190.000000,2062.569092,127.430908,127.430908,4594.898926,962.058594,0.000000
2097.000000,2060.745605,36.254395,36.254395,-3082.077148,1198.730469,0.000000
2048.000000,2058.196533,-10.196533,10.196533,669.299133,890.425537,0.000000
2080.000000,2057.529785,22.470215,22.470215,459.583984,903.032349,0.000000
2146.000000,2059.725830,86.274170,86.274170,-12.125275,1299.607178,0.000000
2179.000000,2062.412109,116.587891,116.587891,2807.939453,1696.026611,0.000000
2194.000000,2064.059082,129.940918,129.940918,-1165.000000,980.003601,0.000000
2126.000000,2063.196289,62.803711,62.803711,1779.092163,906.371216,0.000000
2080.000000,2061.431641,18.568359,18.568359,2615.508057,806.328003,0.000000
2054.000000,2060.568848,-6.568848,6.568848,-545.840454,1044.910034,0.000000
2099.000000,2061.529541,37.470459,37.470459,28.381147,1120.154053,0.000000
2198.000000,2065.764893,132.235107,132.235107,193.252655,740.882202,0.000000
2192.000000,2069.019775,122.980225,122.980225,-2866.656494,340.732513,0.000000
2138.000000,2069.333496,68.666504,68.666504,-145.520798,360.316223,0.000000
2065.000000,2067.627686,-2.627686,2.627686,-1134.160034,286.241699,0.000000
2032.000000,2066.000244,-34.000244,34.000244,-3889.007812,141.355881,0.000000
2120.000000,2067.412109,52.587891,52.587891,272.928864,-211.087997,0.000000
2166.000000,2070.784668,95.215332,95.215332,166.942612,-441.543518,0.000000
2194.000000,2073.451416,120.548584,120.548584,-866.187195,-320.457825,0.000000
2130.000000,2073.804443,56.195557,56.195557,537.123596,-560.937744,0.000000
2066.000000,2073.177002,-7.177002,7.177002,426.909912,-749.881775,0.000000
2018.000000,2071.922119,-53.922119,53.922119,-3767.733154,-661.449951,0.000000
2086.000000,2073.765137,12.234863,12.234863,3086.695068,-1006.551270,0.000000
2160.000000,2077.725830,82.274170,82.274170,335.880859,-743.511047,0.000000
2170.000000,2081.157227,88.842773,88.842773,-1366.134155,-452.371277,0.000000
2110.000000,2082.490479,27.509521,27.509521,367.982574,-563.336121,0.000000
2027.000000,2081.412109,-54.412109,54.412109,-1087.303223,-426.777710,0.000000
1986.000000,2080.941406,-94.941406,94.941406,-119.106934,-172.077286,0.000000
2075.000000,2084.098389,-9.098389,9.098389,5396.589355,-207.716904,0.000000
2110.000000,2088.412109,21.587891,21.587891,2299.207764,267.705566,0.000000
2139.000000,2092.549316,46.450684,46.450684,203.572205,555.468750,0.000000
2104.000000,2093.588623,10.411377,10.411377,1063.466064,525.145874,0.000000
2050.000000,2093.235596,-43.235596,43.235596,-499.808655,583.014587,0.000000
1994.000000,2092.490479,-98.490479,98.490479,1463.139160,880.098633,0.000000
2006.000000,2093.117920,-87.117920,87.117920,78.611450,732.502625,0.000000
2100.000000,2096.176758,3.823242,3.823242,686.623596,709.114502,0.000000
2140.000000,2099.588623,40.411377,40.411377,-236.451752,895.728882,0.000000
2130.000000,2101.039551,28.960449,28.960449,-176.056580,840.780334,0.000000
2042.000000,2099.627686,-57.627686,57.627686,-626.561157,923.620972,0.000000
1978.000000,2096.647217,-118.647217,118.647217,3703.240967,877.488770,0.000000
2018.000000,2096.411865,-78.411865,78.411865,-1185.928711,723.547974,0.000000
2096.000000,2098.411865,-2.411865,2.411865,885.032532,406.717377,0.000000
2146.000000,2100.921631,45.078369,45.078369,-662.696655,468.668304,0.000000
2123.000000,2101.098145,21.901855,21.901855,217.626831,311.744415,0.000000
2011.000000,2098.372559,-87.372559,87.372559,348.413727,376.965820,0.000000
1982.000000,2095.470703,-113.470703,113.470703,1021.641479,275.627136,0.000000
2040.000000,2095.117676,-55.117676,55.117676,-2636.701172,361.357147,0.000000
2102.000000,2096.686279,5.313721,5.313721,4790.865723,59.236725,0.000000
2176.000000,2099.509766,76.490234,76.490234,-1467.709351,516.265564,0.000000
2130.000000,2099.078369,30.921631,30.921631,6274.886230,398.842590,0.000000
2070.000000,2096.333252,-26.333252,26.333252,584.038025,1026.246826,0.000000
1990.000000,2092.411621,-102.411621,102.411621,82.023026,742.682922,0.000000
2054.000000,2091.568604,-37.568604,37.568604,-878.463379,857.951294,0.000000
2077.000000,2092.137207,-15.137207,15.137207,4238.602051,697.633484,0.000000
2176.000000,2094.019531,81.980469,81.980469,-2539.940918,1143.206055,0.000000
2176.000000,2094.607666,81.392334,81.392334,5604.197266,892.518066,0.000000
2090.000000,2092.862549,-2.862549,2.862549,-363.139557,1370.316650,0.000000
1994.000000,2088.940918,-94.940918,94.940918,-397.225067,1244.427490,0.000000
1995.000000,2086.372314,-91.372314,91.372314,-304.027771,1448.016235,0.000000
2099.000000,2086.744873,12.255127,12.255127,166.020828,984.844116,0.000000
2138.000000,2088.391846,49.608154,49.608154,-1921.346069,1133.364990,0.000000
2150.000000,2089.391846,60.608154,60.608154,1378.164673,388.252930,0.000000
2058.000000,2086.646729,-28.646729,28.646729,1638.545898,460.446259,0.000000
2003.000000,2082.940918,-79.940918,79.940918,258.564209,601.948364,0.000000
2002.000000,2080.274170,-78.274170,78.274170,2162.748291,705.314514,0.000000
2090.000000,2080.764404,9.235596,9.235596,1143.466675,516.600525,0.000000
2154.000000,2083.156494,70.843506,70.843506,-906.732422,851.455811,0.000000
2150.000000,2083.744629,66.255371,66.255371,1483.075562,259.553101,0.000000
2088.000000,2082.215332,5.784668,5.784668,-573.845337,427.390839,0.000000
2010.000000,2078.607422,-68.607422,68.607422,-1171.704834,411.334442,0.000000
1986.000000,2075.783936,-89.783936,89.783936,2107.750977,332.454712,0.000000
2064.000000,2075.744629,-11.744629,11.744629,-758.683716,508.975647,0.000000
2158.000000,2078.489746,79.510254,79.510254,-1108.831055,614.672241,0.000000
2152.000000,2079.783936,72.216064,72.216064,5772.129883,388.581726,0.000000
2074.000000,2078.097656,-4.097656,4.097656,-80.415985,764.362061,0.000000
2006.000000,2074.882080,-68.882080,68.882080,1034.752930,733.545654,0.000000
2002.000000,2072.764404,-70.764404,70.764404,3459.220215,631.000610,0.000000
2050.000000,2073.215332,-23.215332,23.215332,-86.194511,841.523682,0.000000
2123.000000,2075.901611,47.098389,47.098389,655.235962,916.118042,0.000000
2186.000000,2078.078125,107.921875,107.921875,2352.069336,840.859863,0.000000
2160.000000,2079.058594,80.941406,80.941406,-1996.616943,1106.852051,0.000000
2034.000000,2076.999756,-42.999756,42.999756,-11.976043,1031.859985,0.000000
2000.000000,2074.960449,-74.960449,74.960449,2418.065674,839.157532,0.000000
2082.000000,2075.587891,6.412109,6.412109,-383.529358,1127.952881,0.000000
2138.000000,2078.411377,59.588623,59.588623,138.806763,1193.889404,0.000000
2178.000000,2081.783936,96.216064,96.216064,2421.319092,681.769104,0.000000
2122.000000,2082.215332,39.784668,39.784668,-1736.494507,909.199585,0.000000
2066.000000,2080.764404,-14.764404,14.764404,1935.888550,657.268005,0.000000
2038.000000,2078.960449,-40.960449,40.960449,577.416931,518.783325,0.000000
2070.000000,2079.509521,-9.509521,9.509521,79.333313,579.111633,0.000000
2166.000000,2083.195801,82.804199,82.804199,397.834900,526.756836,0.000000
2195.000000,2086.666504,108.333496,108.333496,4916.006348,349.099182,0.000000
2112.000000,2086.980225,25.019775,25.019775,-1773.011475,977.519470,0.000000
2084.000000,2085.764648,-1.764648,1.764648,3496.996338,817.425354,0.000000
2026.000000,2083.862793,-57.862793,57.862793,-2590.577881,915.509949,0.000000
2066.000000,2084.941162,-18.941162,18.941162,2852.122070,714.869141,0.000000
2126.000000,2087.764648,38.235352,38.235352,-44.904079,961.534180,0.000000
2168.000000,2090.274414,77.725586,77.725586,1880.132202,737.332092,0.000000
2098.000000,2090.196045,7.803955,7.803955,387.965881,1066.116333,0.000000
2034.000000,2087.411621,-53.411621,53.411621,4900.299805,925.396118,0.000000
1982.000000,2084.509766,-102.509766,102.509766,2021.394043,1318.385498,0.000000
1974.000000,2082.627441,-108.627441,108.627441,3830.331299,1494.936523,0.000000
2050.000000,2083.803955,-33.803955,33.803955,-2187.874512,1806.981689,0.000000
2130.000000,2085.294189,44.705811,44.705811,327.268097,1161.174316,0.000000
2114.000000,2086.019775,27.980225,27.980225,-185.869308,1352.108887,0.000000
2086.000000,2084.255127,1.744873,1.744873,-252.637451,1017.302917,0.000000
2002.000000,2080.843262,-78.843262,78.843262,-609.116760,1229.843018,0.000000
1994.000000,2078.960938,-84.960938,84.960938,-722.051208,915.184937,0.000000
2064.000000,2080.333496,-16.333496,16.333496,1767.958740,853.626099,0.000000
2168.000000,2083.725586,84.274414,84.274414,4685.269531,843.428528,0.000000
2154.000000,2084.803955,69.196045,69.196045,-750.131958,1234.092529,0.000000
2072.000000,2083.509766,-11.509766,11.509766,-158.463058,720.416931,0.000000
2014.000000,2080.843018,-66.843018,66.843018,-819.328918,522.248108,0.000000
2018.000000,2080.058594,-62.058594,62.058594,394.434998,99.551727,0.000000
2098.000000,2081.921387,16.078613,16.078613,426.861633,334.307129,0.000000
2170.000000,2085.215576,84.784424,84.784424,-1208.804077,343.361084,0.000000
2150.000000,2086.392090,63.607910,63.607910,6317.605957,250.367004,0.000000
2080.000000,2084.941162,-4.941162,4.941162,1043.047974,847.661865,0.000000
2016.000000,2082.313721,-66.313721,66.313721,1573.617188,997.858643,0.000000
2030.000000,2081.176514,-51.176514,51.176514,902.646301,1206.555786,0.000000
2136.000000,2083.647217,52.352783,52.352783,1019.860352,1127.890991,0.000000
2182.000000,2087.490234,94.509766,94.509766,-162.908813,794.671997,0.000000
2138.000000,2088.941162,49.058838,49.058838,5402.520020,848.055908,0.000000
2066.000000,2087.137207,-21.137207,21.137207,2445.449463,1353.599854,0.000000
2042.000000,2084.980225,-42.980225,42.980225,-877.720947,1650.397949,0.000000
2010.000000,2083.725342,-73.725342,73.725342,2444.195557,1534.747437,0.000000
2082.000000,2085.215576,-3.215576,3.215576,-406.186157,1718.141479,0.000000
2140.000000,2087.921387,52.078613,52.078613,-751.380188,1791.106689,0.000000
2176.000000,2090.392090,85.607910,85.607910,-2.661041,1148.471558,0.000000
2141.000000,2090.745117,50.254883,50.254883,698.182800,1053.407104,0.000000
2024.000000,2087.568604,-63.568604,63.568604,42.729404,973.822144,0.000000
2003.000000,2084.490234,-81.490234,81.490234,1802.091187,895.647888,0.000000
2056.000000,2084.921631,-28.921631,28.921631,-1464.884644,966.759766,0.000000
2148.000000,2087.823486,60.176514,60.176514,332.068115,848.398315,0.000000
2155.000000,2089.254883,65.745117,65.745117,2731.899902,387.448120,0.000000
2128.000000,2089.058838,38.941162,38.941162,3.746944,413.489075,0.000000
2042.000000,2086.392090,-44.392090,44.392090,-415.420654,493.622528,0.000000
2030.000000,2084.588135,-54.588135,54.588135,7.012164,233.657410,0.000000
2155.000000,2086.333252,68.666748,68.666748,381.053833,271.220886,0.000000
2264.000000,2090.764648,173.235352,173.235352,493.832581,374.169434,0.000000
2324.000000,2095.745117,228.254883,228.254883,6465.790039,419.305206,0.000000
2298.000000,2098.333252,199.666748,199.666748,-9573.901367,943.633179,0.000000
2169.000000,2097.823486,71.176514,71.176514,-1830.240479,69.393982,0.000000
2120.000000,2097.980469,22.019531,22.019531,1504.318970,-260.817963,0.000000
2120.000000,2098.686279,21.313721,21.313721,-131.165680,9.109650,0.000000
2131.000000,2100.745117,30.254883,30.254883,-298.819824,-33.002514,0.000000
2058.000000,2100.588135,-42.588135,42.588135,-492.574036,-308.522491,0.000000
1947.000000,2097.078369,-150.078369,150.078369,18854.185547,-353.642578,0.000000
1800.000000,2089.862793,-289.862793,289.862793,13139.781250,1398.139771,0.000000
1736.000000,2082.764648,-346.764648,346.764648,-12079.201172,2592.027832,0.000000
1722.000000,2076.646973,-354.646973,354.646973,-8883.680664,1459.277344,0.000000
1786.000000,2072.803955,-286.803955,286.803955,7441.727051,606.776123,0.000000
1790.000000,2069.196045,-279.196045,279.196045,8834.032227,695.497681,0.000000
1726.000000,2062.843018,-336.843018,336.843018,9562.293945,2368.946289,0.000000
1668.000000,2053.784180,-385.784180,385.784180,38443.582031,3404.631348,0.000000
1664.000000,2044.960693,-380.960693,380.960693,18426.658203,6762.746094,0.000000
1757.000000,2038.509766,-281.509766,281.509766,-8216.669922,8449.821289,0.000000
1958.000000,2037.646973,-79.646973,79.646973,17983.470703,7730.016602,0.000000
2154.000000,2040.784180,113.215820,113.215820,91472.546875,9409.657227,0.000000
2272.000000,2044.862671,227.137329,227.137329,46085.953125,16011.326172,0.000000
2282.000000,2047.098022,234.901978,234.901978,12959.557617,19006.433594,0.000000
2330.000000,2050.549072,279.450928,279.450928,29996.648438,21282.683594,0.000000
2370.000000,2056.392090,313.607910,313.607910,25063.365234,24817.257812,0.000000
2482.000000,2065.568604,416.431396,416.431396,6135.697266,26419.224609,0.000000
2544.000000,2075.882324,468.117676,468.117676,8804.294922,26173.921875,0.000000
2490.000000,2083.568604,406.431396,406.431396,106829.445312,26105.013672,0.000000
2336.000000,2086.823486,249.176514,249.176514,50898.746094,32321.910156,0.000000
2256.000000,2088.901855,167.098145,167.098145,1147.331665,35273.917969,0.000000
2235.000000,2091.941162,143.058838,143.058838,-6911.993164,36125.191406,0.000000
2250.000000,2096.529297,153.470703,153.470703,-14503.014648,33861.968750,0.000000
2262.000000,2101.078369,160.921631,160.921631,-10785.686523,24227.828125,0.000000
2195.000000,2102.235352,92.764648,92.764648,34473.792969,19057.679688,0.000000
2072.000000,2100.078369,-28.078369,28.078369,145813.656250,21013.519531,0.000000
2035.000000,2098.058838,-63.058838,63.058838,110939.000000,31542.339844,0.000000
1978.000000,2096.333252,-118.333252,118.333252,4101.881836,39349.214844,0.000000
2042.000000,2096.333252,-54.333252,54.333252,-3306.446533,39164.324219,0.000000
2098.000000,2098.058838,-0.058838,0.058838,-12101.467773,38063.347656,0.000000
2114.000000,2098.686279,15.313721,15.313721,-24566.947266,27251.445312,0.000000
2048.000000,2096.882324,-48.882324,48.882324,-37204.242188,20390.927734,0.000000
1954.000000,2092.529297,-138.529297,138.529297,-16471.363281,16904.421875,0.000000
1946.000000,2088.705811,-142.705811,142.705811,41789.441406,16035.388672,0.000000
2034.000000,2088.901855,-54.901855,54.901855,14823.708984,21152.884766,12574.512695
2082.000000,2090.450928,-8.450928,8.450928,-3093.225342,23481.011719,12714.449219
2106.000000,2091.431396,14.568604,14.568604,-4070.936035,20065.828125,12875.893555
2058.000000,2089.666748,-31.666748,31.666748,2225.970215,6439.956055,13021.463867
2000.000000,2086.627441,-86.627441,86.627441,2381.130127,-3443.046875,13061.541016
1974.000000,2083.607910,-109.607910,109.607910,1656.343506,-3599.478760,13027.603516
2064.000000,2084.039307,-20.039307,20.039307,3194.394043,-3148.315918,12992.249023
2107.000000,2085.549072,21.450928,21.450928,9770.015625,-1757.783081,12915.554688
2144.000000,2085.333496,58.666504,58.666504,-2121.839111,1363.758911,12819.243164
2070.000000,2081.529541,-11.529541,11.529541,2304.007324,4553.068359,12751.958008
2018.000000,2075.529541,-57.529541,57.529541,44.096085,6259.920410,12713.183594
1994.000000,2069.568848,-75.568848,75.568848,-422.934967,2464.889160,12662.940430
2080.000000,2067.823730,12.176270,12.176270,417.407928,1078.830688,12544.121094
2138.000000,2068.176758,69.823242,69.823242,-2817.858154,1397.979126,12382.821289
2130.000000,2068.372803,61.627197,61.627197,6106.821289,1511.895264,12179.784180
2098.000000,2067.725830,30.274170,30.274170,1343.933472,1864.699951,11944.677734
2027.000000,2067.117920,-40.117920,40.117920,1425.737427,1770.409302,11683.305664
2008.000000,2068.313965,-60.313965,60.313965,86.881866,1749.445068,11419.470703
2048.000000,2073.176758,-25.176758,25.176758,-72.012978,1466.943970,11169.955078
2147.000000,2081.235596,65.764404,65.764404,-557.265625,572.214111,10876.897461
2184.000000,2090.294434,93.705566,93.705566,5221.179688,714.448059,10564.292969
2152.000000,2097.470947,54.529053,54.529053,-1188.956055,979.645508,10259.136719
2048.000000,2102.529785,-54.529785,54.529785,285.176971,867.549866,10008.603516
1995.000000,2107.804199,-112.804199,112.804199,688.673523,931.923706,9831.569336
2074.000000,2115.764893,-41.764893,41.764893,-2077.982910,956.584229,9683.306641
2152.000000,2125.333496,26.666504,26.666504,51.648479,1023.845581,9511.112305
2170.000000,2133.431641,36.568359,36.568359,75.071419,473.375305,9273.080078
2124.000000,2136.686523,-12.686523,12.686523,1564.561646,358.024200,9035.746094
2042.000000,2134.490479,-92.490479,92.490479,1934.923096,370.644592,8802.110352
2016.000000,2129.470947,-113.470947,113.470947,269.455688,538.648315,8604.833008
2018.000000,2124.294434,-106.294434,106.294434,-1429.654175,569.690918,8495.891602
2136.000000,2120.490479,15.509521,15.509521,473.170654,490.382874,8420.883789
2130.000000,2115.784668,14.215332,14.215332,-487.012787,58.745697,8360.867188
2122.000000,2108.725830,13.274170,13.274170,18.549084,122.558716,8272.347656
2030.000000,2098.647461,-68.647461,68.647461,-680.098206,98.319817,8151.085938
1994.000000,2088.921875,-94.921875,94.921875,4533.901367,-26.113976,8029.138672
2024.000000,2082.804199,-58.804199,58.804199,-92.299278,574.966431,7964.077148
2128.000000,2080.294434,47.705566,47.705566,3222.121582,561.880249,7995.998047
2192.000000,2079.451416,112.548584,112.548584,-381.399780,847.975708,8042.704590
2122.000000,2076.941650,45.058350,45.058350,2547.796631,671.070129,8081.677246
2084.000000,2073.451416,10.548584,10.548584,384.031708,726.785889,8116.090820
2019.000000,2070.000488,-51.000488,51.000488,-63.490314,737.201904,8130.895996
2026.000000,2069.098633,-43.098633,43.098633,987.541138,861.398621,8119.651367
2107.000000,2070.510498,36.489502,36.489502,126.002846,908.159546,8084.097168
2171.000000,2074.294922,96.705078,96.705078,-1219.871948,963.888245,8060.780273
2194.000000,2077.275391,116.724609,116.724609,2870.825928,851.304504,8053.443848
2098.000000,2077.275391,20.724609,20.724609,-405.237579,1174.115723,8043.388184
2042.000000,2075.863525,-33.863525,33.863525,750.526001,725.103027,8029.487793
2016.000000,2075.236084,-59.236084,59.236084,63.546875,801.723511,8010.432129
2122.000000,2078.530273,43.469727,43.469727,145.333328,514.580322,7985.869629
2168.000000,2082.883301,85.116699,85.116699,19.231281,562.465149,7964.575684
2154.000000,2085.236328,68.763672,68.763672,1085.101196,332.595581,7938.803223
2066.000000,2084.922607,-18.922607,18.922607,1369.115234,396.329163,7916.050293
2032.000000,2083.471680,-51.471680,51.471680,408.423645,526.566040,7897.451660
2006.000000,2082.452148,-76.452148,76.452148,748.191223,473.919006,7874.137207
2090.000000,2084.216797,5.783203,5.783203,-992.951233,530.481567,7850.189453
2144.000000,2087.550049,56.449951,56.449951,440.216309,551.110718,7822.431152
2152.000000,2089.275635,62.724365,62.724365,-4.816880,330.146210,7798.013184
2035.000000,2087.863770,-52.863770,52.863770,1088.876465,366.548096,7772.458984
1986.000000,2084.765625,-98.765625,98.765625,-444.265625,397.307220,7750.825684
1986.000000,2083.118652,-97.118652,97.118652,7808.807129,351.142456,7736.894531
2044.000000,2083.628418,-39.628418,39.628418,-1403.510620,1047.821899,7719.705078
2090.000000,2085.510742,4.489258,4.489258,1568.271973,918.481689,7710.915527
2064.000000,2085.197021,-21.197021,21.197021,-69.165108,962.406311,7705.005371
2034.000000,2083.157715,-49.157715,49.157715,457.590942,831.653564,7694.682129
1962.000000,2079.863525,-117.863525,117.863525,-303.788971,836.123291,7688.867676
1898.000000,2075.941895,-177.941895,177.941895,1033.489746,740.488708,7681.161621
1978.000000,2074.981201,-96.981201,96.981201,-6321.672363,924.710632,7677.232910
2058.000000,2075.961670,-17.961670,17.961670,6.274230,309.993469,7674.361816
2082.000000,2076.628418,5.371582,5.371582,-797.850464,311.001740,7672.169434
2014.000000,2074.020508,-60.020508,60.020508,1.141679,139.481110,7664.519531
1962.000000,2069.667480,-107.667480,107.667480,1368.641602,179.972687,7654.787598
1898.000000,2064.687012,-166.687012,166.687012,793.781555,-405.496918,7648.142090
2006.000000,2063.863525,-57.863525,57.863525,-3173.514648,-205.743073,7632.545898
2074.000000,2065.412598,8.587402,8.587402,9507.357422,-636.814575,7615.991699
2106.000000,2066.040039,39.959961,39.959961,-12.149831,233.778381,7598.710938
2091.000000,2064.843994,26.156006,26.156006,476.631439,191.074677,7589.580078
2018.000000,2061.863525,-43.863525,43.863525,-18.338600,262.021973,7580.570801
1962.000000,2058.687012,-96.687012,96.687012,627.270386,166.401215,7572.321777
2043.000000,2058.706543,-15.706543,15.706543,642.464661,798.123291,7564.009277
2130.000000,2060.941895,69.058105,69.058105,7371.393066,855.958801,7558.192871
2136.000000,2063.255615,72.744385,72.744385,1344.226929,1598.617310,7555.873047
2130.000000,2063.137939,66.862061,66.862061,5671.079590,1720.715942,7559.960938
2050.000000,2061.569336,-11.569336,11.569336,-591.800232,2111.846680,7566.933105
2010.000000,2059.373291,-49.373291,49.373291,303.175537,1985.884644,7581.555176
2098.000000,2060.706543,37.293457,37.293457,89.021187,2301.947266,7594.082031
2186.000000,2064.471191,121.528809,121.528809,-652.169067,1445.734863,7609.166992
2178.000000,2067.490723,110.509277,110.509277,15977.095703,1387.551270,7618.921387
2206.000000,2069.020020,136.979980,136.979980,-464.028473,2796.684326,7626.591309
2107.000000,2067.353271,39.646729,39.646729,-4121.162109,2756.166992,7646.482422
2058.000000,2066.098389,-8.098389,8.098389,732.149597,2324.491211,7663.352539
2046.000000,2065.353271,-19.353271,19.353271,-50.629562,2332.644287,7676.941406
2145.000000,2067.823975,77.176025,77.176025,165.403275,1657.915039,7691.855957
2188.000000,2071.000488,116.999512,116.999512,2368.767578,1550.749268,7702.324707
2183.000000,2072.490723,110.509277,110.509277,479.300446,1250.539062,7705.627930
2090.000000,2070.902588,19.097412,19.097412,0.000000,1347.911865,7709.806152
2018.000000,2067.451660,-49.451660,49.451660,7572.256836,1320.350464,7714.763672
2054.000000,2066.588867,-12.588867,12.588867,266.844482,2000.644653,7719.557129
2131.000000,2068.333984,62.666016,62.666016,15.586214,2084.191406,7729.023438
2176.000000,2071.471191,104.528809,104.528809,1300.249390,633.145020,7740.593750
2168.000000,2072.373047,95.626953,95.626953,-1090.899292,793.533936,7735.442383
2064.000000,2070.333740,-6.333740,6.333740,-96.802666,1069.012329,7740.296875
2018.000000,2067.666992,-49.666992,49.666992,0.000000,993.653015,7749.203613
2026.000000,2066.882568,-40.882568,40.882568,3603.620605,998.255676,7757.715332
2120.000000,2068.608154,51.391846,51.391846,84.019356,1310.820923,7765.221191
2144.000000,2071.313965,72.686035,72.686035,-174.243942,1103.116577,7779.648438
2122.000000,2071.941406,50.058594,50.058594,-433.994537,1043.703491,7790.371094
2050.000000,2070.098389,-20.098389,20.098389,1489.911987,1004.249451,7795.292480
2002.000000,2067.157227,-65.157227,65.157227,-1614.238647,451.309021,7794.750977
2038.000000,2067.216064,-29.216064,29.216064,6127.968262,280.301453,7788.334961
2139.000000,2070.216064,68.783936,68.783936,625.176270,835.972534,7780.920410
2162.000000,2073.666992,88.333008,88.333008,239.089371,774.602234,7780.405762
2176.000000,2076.255127,99.744873,99.744873,-1433.427124,895.510315,7773.322754
2122.000000,2076.882568,45.117432,45.117432,-271.130096,773.999023,7765.974609
2032.000000,2076.255127,-44.255127,44.255127,-269.146149,749.350830,7760.403320
2000.000000,2075.588379,-75.588379,75.588379,1824.523804,397.281128,7758.316895
2098.000000,2078.255127,19.744873,19.744873,-613.596741,555.508789,7745.175781
2150.000000,2083.196289,66.803711,66.803711,-193.694656,515.567627,7732.607422
2162.000000,2086.804199,75.195801,75.195801,55.250973,537.413086,7722.978516
2120.000000,2088.019775,31.980225,31.980225,485.303680,406.989380,7719.326172
2034.000000,2087.078613,-53.078613,53.078613,1833.632690,597.856873,7717.014648
1994.000000,2086.686523,-92.686523,92.686523,39.337490,207.462738,7713.989746
2114.000000,2089.666992,24.333008,24.333008,-1169.944580,154.204666,7705.756836
2162.000000,2094.843506,67.156494,67.156494,534.652588,26.110672,7699.642578
2170.000000,2098.059082,71.940918,71.940918,449.044525,205.027008,7692.358887
2084.000000,2098.255127,-14.255127,14.255127,10.172824,270.497437,7683.268066
2027.000000,2096.706055,-69.706055,69.706055,-800.590271,295.890076,7671.427734
2022.000000,2095.353027,-73.353027,73.353027,2556.477539,57.243347,7665.746094
2096.000000,2096.882324,-0.882324,0.882324,-161.408295,345.431915,7658.693359
2150.000000,2100.568604,49.431396,49.431396,4446.205566,348.367035,7654.865234
2164.000000,2102.941162,61.058838,61.058838,1286.427246,747.544739,7649.079590
2120.000000,2102.745117,17.254883,17.254883,289.099762,820.374146,7645.985352
2050.000000,2101.058838,-51.058838,51.058838,280.933472,679.962036,7646.645508
2002.000000,2098.549072,-96.549072,96.549072,2242.843018,701.925293,7649.462891
2106.000000,2099.647217,6.352783,6.352783,-1012.675110,1012.178711,7652.300293
2146.000000,2102.313965,43.686035,43.686035,1358.390747,871.512573,7658.330078
2158.000000,2103.490479,54.509521,54.509521,3929.560303,954.180420,7664.394531
2138.000000,2102.549316,35.450684,35.450684,-127.452759,1310.488403,7674.072754
2026.000000,2099.568848,-73.568848,73.568848,-156.149719,1371.682739,7688.625000
2002.000000,2095.568848,-93.568848,93.568848,3079.587402,1125.080322,7702.679688
2011.000000,2093.686523,-82.686523,82.686523,-1564.526123,1419.716309,7716.682617
2110.000000,2094.706055,15.293945,15.293945,372.112640,873.286194,7734.702637
2162.000000,2096.980469,65.019531,65.019531,599.060059,790.166687,7747.450195
2131.000000,2096.706055,34.293945,34.293945,-913.152771,818.344910,7762.373047
2068.000000,2094.353027,-26.353027,26.353027,102.657227,709.791626,7775.345703
1986.000000,2090.490234,-104.490234,104.490234,-232.974182,515.229248,7784.998047
2027.000000,2089.254883,-62.254883,62.254883,-1741.305908,586.111145,7793.956543
2098.000000,2090.823486,7.176514,7.176514,1331.156982,304.320526,7802.368652
2164.000000,2092.980469,71.019531,71.019531,-1046.761230,68.102036,7806.325684
2124.000000,2092.843262,31.156738,31.156738,-498.251495,-15.471458,7808.616211
2054.000000,2090.451172,-36.451172,36.451172,722.411743,-46.571617,7806.264648
1990.000000,2086.960938,-96.960938,96.960938,43.609577,-260.860321,7801.264160
2050.000000,2086.686523,-36.686523,36.686523,642.366516,-114.666168,7794.735840
2146.000000,2089.196289,56.803711,56.803711,2096.584717,-90.097633,7788.940918
2160.000000,2091.823730,68.176270,68.176270,-170.697800,46.040977,7780.883301
2144.000000,2092.294434,51.705566,51.705566,4606.092285,113.536880,7775.182129
2026.000000,2089.980713,-63.980713,63.980713,1076.281982,522.940063,7770.234863
2009.000000,2087.765137,-78.765137,78.765137,1111.511475,641.963379,7767.138672
1992.000000,2086.627930,-94.627930,94.627930,-91.280807,901.310425,7765.487793
2140.000000,2089.333740,50.666260,50.666260,164.728806,771.997925,7765.302246
2152.000000,2091.569092,60.430908,60.430908,947.877991,882.133362,7764.425781
2160.000000,2091.980957,68.019043,68.019043,19.772476,1013.599670,7765.742676
2064.000000,2090.059326,-26.059326,26.059326,9.590782,949.723389,7770.783203
2002.000000,2086.647461,-84.647461,84.647461,-495.330597,946.630798,7774.778320
2002.000000,2084.294434,-82.294434,82.294434,-678.364807,843.203796,7780.051758
2066.000000,2084.961182,-18.961182,18.961182,-149.338547,590.935669,7783.924805
2134.000000,2087.588623,46.411377,46.411377,-176.531113,592.877441,7786.543457
2168.000000,2088.961182,79.038818,79.038818,59.482140,158.093475,7788.466797
2111.000000,2088.196533,22.803467,22.803467,-67.494560,65.657127,7789.287598
2022.000000,2085.451416,-63.451416,63.451416,-7.109090,-41.525238,7785.544922
2000.000000,2083.098389,-83.098389,83.098389,958.966492,-33.873264,7781.887207
2101.000000,2084.412109,16.587891,16.587891,32.014286,38.330158,7773.082520
2160.000000,2087.666992,72.333008,72.333008,231.897903,-44.930180,7767.231934
2178.000000,2088.921875,89.078125,89.078125,4038.472412,-25.646049,7759.733398
2091.000000,2087.529785,3.470215,3.470215,181.542007,340.615906,7753.726074
2035.000000,2084.882812,-49.882812,49.882812,1406.173828,402.149780,7747.060059
2042.000000,2084.059326,-42.059326,42.059326,1224.408203,591.653320,7742.987305
2118.000000,2085.843750,32.156250,32.156250,799.894958,716.539368,7736.520020
2167.000000,2088.686768,78.313232,78.313232,-78.913055,805.305359,7732.135742
2170.000000,2090.137695,79.862305,79.862305,4055.758789,792.723999,7726.797363
2122.000000,2089.588623,32.411377,32.411377,-401.852325,1167.565186,7725.202148
2046.000000,2087.274902,-41.274902,41.274902,2417.785889,1131.679443,7725.485840
2050.000000,2085.902344,-35.902344,35.902344,2856.847412,1264.299316,7731.660645
2098.000000,2086.843506,11.156494,11.156494,378.581940,1521.102295,7738.337402
2152.000000,2089.784668,62.215332,62.215332,-661.076172,1534.437256,7745.971680
2194.000000,2091.510254,102.489746,102.489746,1531.273926,1107.205566,7752.858398
2160.000000,2091.784668,68.215332,68.215332,-1492.303589,1229.908447,7757.763672
2070.000000,2090.059082,-20.059082,20.059082,87.693512,966.410522,7760.907227
2018.000000,2087.706055,-69.706055,69.706055,-699.964355,863.072815,7766.777832
2035.000000,2087.882568,-52.882568,52.882568,-1074.830811,726.721985,7770.396973
2122.000000,2090.235596,31.764404,31.764404,237.391495,636.184021,7773.016602
2162.000000,2093.196289,68.803711,68.803711,636.842773,289.059723,7775.539062
2099.000000,2092.980713,6.019287,6.019287,-198.040619,383.486542,7773.712402
2014.000000,2090.078857,-76.078857,76.078857,2332.319336,145.684143,7771.791992
1978.000000,2087.078857,-109.078857,109.078857,91.586266,97.999771,7769.774902
2006.000000,2085.863281,-79.863281,79.863281,1099.598511,71.909256,7764.240234
2118.000000,2088.451416,29.548584,29.548584,-288.781647,231.970596,7758.744629
2130.000000,2090.470947,39.529053,39.529053,396.216309,66.511002,7755.430176
2104.000000,2090.588623,13.411377,13.411377,-160.013184,238.194626,7748.993652
2010.000000,2087.569092,-77.569092,77.569092,364.945679,215.675842,7743.363281
1970.000000,2084.549561,-114.549561,114.549561,6902.442383,312.485840,7738.170898
2034.000000,2084.157471,-50.157471,50.157471,-302.515350,1037.692505,7731.572754
2106.000000,2086.431885,19.568115,19.568115,5245.168457,988.610046,7731.621094
2140.000000,2088.196533,51.803467,51.803467,612.431641,1407.548706,7732.862793
2104.000000,2087.373047,16.626953,16.626953,519.295105,1481.228027,7735.185059
2010.000000,2084.431885,-74.431885,74.431885,177.826752,1316.407715,7737.571289
1987.000000,2081.353516,-94.353516,94.353516,3380.068359,1324.247803,7742.842285
2056.000000,2081.