371,68,0,0,0,0,0,0,0
362,68,0,0,0,0,0,0,0
366,68,0,0,0,0,0,0,0
362,68,0,0,0,0,0,0,0
358,68,0,0,0,0,0,0,0
354,68,0,0,0,0,0,0,0
357,68,0,0,0,0,0,0,0
356,68,0,0,0,0,0,0,0
349,68,0,0,0,0,0,0,0
352,68,0,0,0,0,0,0,0
351,68,0,0,0,0,0,0,0
356,68,0,0,0,0,0,0,0
368,68,0,0,0,0,0,0,0
358,68,0,0,0,0,0,0,0
361,68,0,0,0,0,0,0,0
354,68,0,0,0,0,0,0,0
357,68,0,0,0,0,0,0,0
361,68,0,0,0,0,0,0,0
359,68,0,0,0,0,0,0,0
361,68,0,0,0,0,0,0,0
361,68,0,0,0,0,0,0,0
353,68,0,0,0,0,0,0,0
349,68,0,0,0,0,0,0,0
359,68,0,0,0,0,0,0,0
357,68,0,0,0,0,0,0,0
360,68,0,0,0,0,0,0,0
365,68,0,0,0,0,0,0,0
358,68,0,0,0,0,0,0,0
362,68,0,0,0,0,0,0,0
359,68,0,0,0,0,0,0,0
363,68,0,0,0,0,0,0,0
362,68,0,0,0,0,0,0,0
354,68,0,0,0,0,0,0,0
354,68,0,0,0,0,0,0,0
357,68,0,0,0,0,0,0,0
357,68,0,0,0,0,0,0,0
361,68,0,0,0,0,0,0,0
371,68,0,0,0,0,0,0,0
361,68,0,0,0,0,0,0,0
353,68,0,0,0,0,0,0,0
355,68,0,0,0,0,0,0,0
361,68,0,0,0,0,0,0,0
366,68,0,0,0,0,0,0,0
355,68,0,0,0,0,0,0,0
362,68,0,0,0,0,0,0,0
359,68,0,0,0,0,0,0,0
357,68,0,0,0,0,0,0,0
358,68,0,0,0,0,0,0,0
367,68,0,0,0,0,0,0,0
359,68,0,0,0,0,0,0,0
358,68,0,0,0,0,0,0,0
345,68,0,0,0,0,0,0,0
356,68,0,0,0,0,0,0,0
355,68,0,0,0,0,0,0,0
365,68,0,0,0,0,0,0,0
359,68,0,0,0,0,0,0,0
366,68,0,0,0,0,0,0,0
366,68,0,0,0,0,0,0,0
361,68,0,0,0,0,0,0,0
360,68,0,0,0,0,0,0,0
365,68,0,0,0,0,0,0,0
363,68,0,0,0,0,0,0,0
363,68,0,0,0,0,0,0,0
363,68,0,0,0,0,0,0,0
364,68,0,0,0,0,0,0,0
369,68,0,0,0,0,0,0,0
366,68,0,0,0,0,0,0,0
367,68,0,0,0,0,0,0,0
359,68,0,0,0,0,0,0,0
360,68,0,0,0,0,0,0,0
364,68,0,0,0,0,0,0,0
368,68,0,0,0,0,0,0,0
370,68,0,0,0,0,0,0,0
373,68,0,0,0,0,0,0,0
364,68,0,0,0,0,0,0,0
362,68,0,0,0,0,0,0,0
363,68,0,0,0,0,0,0,0
363,68,0,0,0,0,0,0,0
364,68,0,0,0,0,0,0,0
364,68,0,0,0,0,0,0,0
366,68,0,0,0,0,0,0,0
368,68,0,0,0,0,0,0,0
371,68,0,0,0,0,0,0,0
382,68,0,0,0,0,0,0,0
389,68,0,0,0,0,0,0,0
377,68,0,0,0,0,0,0,0
378,68,0,0,0,0,0,0,0
366,68,0,0,0,0,0,0,0
357,68,0,0,0,0,0,0,0
359,68,0,0,0,0,0,0,0
351,68,0,0,0,0,0,0,0
348,68,0,0,0,0,0,0,0
338,68,0,0,0,0,0,0,0
325,68,0,0,0,0,0,0,0
330,68,0,0,0,0,0,0,0
328,68,0,0,0,0,0,0,0
333,68,0,0,0,0,0,0,0
328,68,0,0,0,0,0,0,0
334,68,0,0,0,0,0,0,0
331,68,0,0,0,0,0,0,0
329,68,0,0,0,0,0,0,0
330,68,0,0,0,0,0,0,0
341,68,0,0,0,0,0,0,0
333,68,0,0,0,0,0,0,0
340,68,0,0,0,0,0,0,0
360,68,0,0,0,0,0,0,0
345,68,0,0,0,0,0,0,0
363,68,0,0,0,0,0,0,0
360,68,0,0,0,0,0,0,0
373,68,0,0,0,0,0,0,0
368,68,0,0,0,0,0,0,0
366,68,0,0,0,0,0,0,0
371,68,0,0,0,0,0,0,0
382,68,0,0,0,0,0,0,0
374,68,0,0,0,0,0,0,0
370,68,0,0,0,0,0,0,0
362,68,0,0,0,0,0,0,0
361,68,0,0,0,0,0,0,0
364,68,0,0,0,0,0,0,0
371,68,0,0,0,0,0,0,0
365,68,0,0,0,0,0,0,0
374,68,0,0,0,0,0,0,0
358,68,0,0,0,0,0,0,0
348,68,0,0,0,0,0,0,0
345,68,0,0,0,0,0,0,0
360,68,0,0,0,0,0,0,0
384,68,0,0,0,0,0,0,0
412,68,0,0,0,0,0,0,0
449,68,0,0,0,0,0,0,0
496,68,0,0,0,0,0,0,0
537,68,0,0,0,0,0,0,0
560,68,0,0,0,0,0,0,0
565,68,0,0,0,0,0,0,0
540,68,0,0,0,0,0,0,0
480,68,0,0,0,0,0,0,0
430,68,0,0,0,0,0,0,0
348,68,0,0,0,0,0,0,0
252,68,0,0,0,0,0,0,0
177,68,0,0,0,0,0,0,0
107,68,0,0,0,0,0,0,0
44,68,0,0,0,0,0,0,0
-18,68,0,0,0,0,0,0,0
-48,68,0,0,0,0,0,0,0
-48,68,0,0,0,0,0,0,0
-30,68,0,0,0,0,0,0,0
26,68,0,0,0,0,0,0,0
101,68,0,0,0,0,0,0,0
201,68,0,0,0,0,0,0,0
318,68,0,0,0,0,0,0,0
435,68,0,0,0,0,0,0,0
540,68,0,0,0,0,0,0,0
614,68,0,0,0,0,0,0,0
666,68,0,0,0,0,0,0,0
697,68,0,0,0,0,0,0,0
703,68,0,0,0,0,0,0,0
686,68,0,0,0,0,0,0,0
663,68,0,0,0,0,0,0,0
615,68,0,0,0,0,0,0,0
566,68,0,0,0,0,0,0,0
518,68,0,0,0,0,0,0,0
472,68,0,0,0,0,0,0,0
439,68,0,0,0,0,0,0,0
402,68,0,0,0,0,0,0,0
370,68,0,0,0,0,0,0,0
342,68,0,0,0,0,0,0,0
326,68,0,0,0,0,0,0,0
322,68,0,0,0,0,0,0,0
322,68,0,0,0,0,0,0,0
312,68,0,0,0,0,0,0,0
311,68,0,0,0,0,0,0,0
311,68,0,0,0,0,0,0,0
310,68,0,0,0,0,0,0,0
308,71,0,0,0,0,0,0,0
317,71,0,0,0,0,0,0,0
322,71,0,0,0,0,0,0,0
326,71,0,0,0,0,0,0,0
324,71,0,0,0,0,0,0,0
330,71,0,0,0,0,0,0,0
340,71,0,0,0,0,0,0,0
344,71,0,0,0,0,0,0,0
346,71,0,0,0,0,0,0,0
350,71,0,0,0,0,0,0,0
353,71,0,0,0,0,0,0,0
354,71,0,0,0,0,0,0,0
356,71,0,0,0,0,0,0,0
360,71,0,0,0,0,0,0,0
368,71,0,0,0,0,0,0,0
360,71,0,0,0,0,0,0,0
361,71,0,0,0,0,0,0,0
358,71,0,0,0,0,0,0,0
360,71,0,0,0,0,0,0,0
371,71,0,0,0,0,0,0,0
372,71,0,0,0,0,0,0,0
363,71,0,0,0,0,0,0,0
362,71,0,0,0,0,0,0,0
355,71,0,0,0,0,0,0,0
357,71,0,0,0,0,0,0,0
360,71,0,0,0,0,0,0,0
368,71,0,0,0,0,0,0,0
369,71,0,0,0,0,0,0,0
372,71,0,0,0,0,0,0,0
371,71,0,0,0,0,0,0,0
384,71,0,0,0,0,0,0,0
378,71,0,0,0,0,0,0,0
383,71,0,0,0,0,0,0,0
380,71,0,0,0,0,0,0,0
373,71,0,0,0,0,0,0,0
375,71,0,0,0,0,0,0,0
383,71,0,0,0,0,0,0,0
386,71,0,0,0,0,0,0,0
388,71,0,0,0,0,0,0,0
389,71,0,0,0,0,0,0,0
384,71,0,0,0,0,0,0,0
388,71,0,0,0,0,0,0,0
379,71,0,0,0,0,0,0,0
387,71,0,0,0,0,0,0,0
384,71,0,0,0,0,0,0,0
384,71,0,0,0,0,0,0,0
380,71,0,0,0,0,0,0,0
374,71,0,0,0,0,0,0,0
373,71,0,0,0,0,0,0,0
373,71,0,0,0,0,0,0,0
364,71,0,0,0,0,0,0,0
361,71,0,0,0,0,0,0,0
359,71,0,0,0,0,0,0,0
360,71,0,0,0,0,0,0,0
386,71,0,0,0,0,0,0,0
360,71,0,0,0,0,0,0,0
348,71,0,0,0,0,0,0,0
349,71,0,0,0,0,0,0,0
344,71,0,0,0,0,0,0,0
335,71,0,0,0,0,0,0,0
328,71,0,0,0,0,0,0,0
328,71,0,0,0,0,0,0,0
326,71,0,0,0,0,0,0,0
324,71,0,0,0,0,0,0,0
313,71,0,0,0,0,0,0,0
308,71,0,0,0,0,0,0,0
300,71,0,0,0,0,0,0,0
299,71,0,0,0,0,0,0,0
299,71,0,0,0,0,0,0,0
299,71,0,0,0,0,0,0,0
296,71,0,0,0,0,0,0,0
289,71,0,0,0,0,0,0,0
288,71,0,0,0,0,0,0,0
303,71,0,0,0,0,0,0,0
298,71,0,0,0,0,0,0,0
292,71,0,0,0,0,0,0,0
303,71,0,0,0,0,0,0,0
304,71,0,0,0,0,0,0,0
318,71,0,0,0,0,0,0,0
328,71,0,0,0,0,0,0,0
332,71,0,0,0,0,0,0,0
340,71,0,0,0,0,0,0,0
340,71,0,0,0,0,0,0,0
348,71,0,0,0,0,0,0,0
355,71,0,0,0,0,0,0,0
364,71,0,0,0,0,0,0,0
373,71,0,0,0,0,0,0,0
374,71,0,0,0,0,0,0,0
381,71,0,0,0,0,0,0,0
383,71,0,0,0,0,0,0,0
391,71,0,0,0,0,0,0,0
395,71,0,0,0,0,0,0,0
394,71,0,0,0,0,0,0,0
399,71,0,0,0,0,0,0,0
399,71,0,0,0,0,0,0,0
397,71,0,0,0,0,0,0,0
404,71,0,0,0,0,0,0,0
402,71,0,0,0,0,0,0,0
404,71,0,0,0,0,0,0,0
429,71,0,0,0,0,0,0,0
395,71,0,0,0,0,0,0,0
395,71,0,0,0,0,0,0,0
388,71,0,0,0,0,0,0,0
393,71,0,0,0,0,0,0,0
385,71,0,0,0,0,0,0,0
378,71,0,0,0,0,0,0,0
379,71,0,0,0,0,0,0,0
371,71,0,0,0,0,0,0,0
373,71,0,0,0,0,0,0,0
375,71,0,0,0,0,0,0,0
374,71,0,0,0,0,0,0,0
366,71,0,0,0,0,0,0,0
373,71,0,0,0,0,0,0,0
371,71,0,0,0,0,0,0,0
369,71,0,0,0,0,0,0,0
370,71,0,0,0,0,0,0,0
368,71,0,0,0,0,0,0,0
359,71,0,0,0,0,0,0,0
364,71,0,0,0,0,0,0,0
362,71,0,0,0,0,0,0,0
362,71,0,0,0,0,0,0,0
370,71,0,0,0,0,0,0,0
370,71,0,0,0,0,0,0,0
368,71,0,0,0,0,0,0,0
366,71,0,0,0,0,0,0,0
363,71,0,0,0,0,0,0,0
363,71,0,0,0,0,0,0,0
366,71,0,0,0,0,0,0,0
365,71,0,0,0,0,0,0,0
360,71,0,0,0,0,0,0,0
362,71,0,0,0,0,0,0,0
350,71,0,0,0,0,0,0,0
360,71,0,0,0,0,0,0,0
370,71,0,0,0,0,0,0,0
364,71,0,0,0,0,0,0,0
359,71,0,0,0,0,0,0,0
357,71,0,0,0,0,0,0,0
356,71,0,0,0,0,0,0,0
356,71,0,0,0,0,0,0,0
363,71,0,0,0,0,0,0,0
356,71,0,0,0,0,0,0,0
361,71,0,0,0,0,0,0,0
370,71,0,0,0,0,0,0,0
367,71,0,0,0,0,0,0,0
364,71,0,0,0,0,0,0,0
375,71,0,0,0,0,0,0,0
374,71,0,0,0,0,0,0,0
370,71,0,0,0,0,0,0,0
367,71,0,0,0,0,0,0,0
362,71,0,0,0,0,0,0,0
358,71,0,0,0,0,0,0,0
353,71,0,0,0,0,0,0,0
351,71,0,0,0,0,0,0,0
355,71,0,0,0,0,0,0,0
349,71,0,0,0,0,0,0,0
353,71,0,0,0,0,0,0,0
360,71,0,0,0,0,0,0,0
369,71,0,0,0,0,0,0,0
370,71,0,0,0,0,0,0,0
376,71,0,0,0,0,0,0,0
376,71,0,0,0,0,0,0,0
381,71,0,0,0,0,0,0,0
376,71,0,0,0,0,0,0,0
387,71,0,0,0,0,0,0,0
379,71,0,0,0,0,0,0,0
370,71,0,0,0,0,0,0,0
364,71,0,0,0,0,0,0,0
360,71,0,0,0,0,0,0,0
360,71,0,0,0,0,0,0,0
358,71,0,0,0,0,0,0,0
384,71,0,0,0,0,0,0,0
369,71,0,0,0,0,0,0,0
349,71,0,0,0,0,0,0,0
353,71,0,0,0,0,0,0,0
355,71,0,0,0,0,0,0,0
361,71,0,0,0,0,0,0,0
358,71,0,0,0,0,0,0,0
358,71,0,0,0,0,0,0,0
360,71,0,0,0,0,0,0,0
363,71,0,0,0,0,0,0,0
362,71,0,0,0,0,0,0,0
366,71,0,0,0,0,0,0,0
359,71,0,0,0,0,0,0,0
356,71,0,0,0,0,0,0,0
357,71,0,0,0,0,0,0,0
362,71,0,0,0,0,0,0,0
371,71,0,0,0,0,0,0,0
368,71,0,0,0,0,0,0,0
374,71,0,0,0,0,0,0,0
371,71,0,0,0,0,0,0,0
370,71,0,0,0,0,0,0,0
367,71,0,0,0,0,0,0,0
369,71,0,0,0,0,0,0,0
371,71,0,0,0,0,0,0,0
373,71,0,0,0,0,0,0,0
367,71,0,0,0,0,0,0,0
358,71,0,0,0,0,0,0,0
360,71,0,0,0,0,0,0,0
359,71,0,0,0,0,0,0,0
363,71,0,0,0,0,0,0,0
359,71,0,0,0,0,0,0,0
357,71,0,0,0,0,0,0,0
359,71,0,0,0,0,0,0,0
366,71,0,0,0,0,0,0,0
371,71,0,0,0,0,0,0,0
372,71,0,0,0,0,0,0,0
377,71,0,0,0,0,0,0,0
379,71,0,0,0,0,0,0,0
372,71,0,0,0,0,0,0,0
377,71,0,0,0,0,0,0,0
377,71,0,0,0,0,0,0,0
385,71,0,0,0,0,0,0,0
376,71,0,0,0,0,0,0,0
376,71,0,0,0,0,0,0,0
372,71,0,0,0,0,0,0,0
368,71,0,0,0,0,0,0,0
379,71,0,0,0,0,0,0,0
380,71,0,0,0,0,0,0,0
373,71,0,0,0,0,0,0,0
374,71,0,0,0,0,0,0,0
373,71,0,0,0,0,0,0,0
363,71,0,0,0,0,0,0,0
366,71,0,0,0,0,0,0,0
366,71,0,0,0,0,0,0,0
359,71,0,0,0,0,0,0,0
348,71,0,0,0,0,0,0,0
343,71,0,0,0,0,0,0,0
338,71,0,0,0,0,0,0,0
337,71,0,0,0,0,0,0,0
335,71,0,0,0,0,0,0,0
337,71,0,0,0,0,0,0,0
337,71,0,0,0,0,0,0,0
342,71,0,0,0,0,0,0,0
335,71,0,0,0,0,0,0,0
345,71,0,0,0,0,0,0,0
340,71,0,0,0,0,0,0,0
342,71,0,0,0,0,0,0,0
341,71,0,0,0,0,0,0,0
344,71,0,0,0,0,0,0,0
343,71,0,0,0,0,0,0,0
359,71,0,0,0,0,0,0,0
362,71,0,0,0,0,0,0,0
366,71,0,0,0,0,0,0,0
369,71,0,0,0,0,0,0,0
365,71,0,0,0,0,0,0,0
368,71,0,0,0,0,0,0,0
377,71,0,0,0,0,0,0,0
377,71,0,0,0,0,0,0,0
372,71,0,0,0,0,0,0,0
375,71,0,0,0,0,0,0,0
374,71,0,0,0,0,0,0,0
378,71,0,0,0,0,0,0,0
377,71,0,0,0,0,0,0,0
387,71,0,0,0,0,0,0,0
382,71,0,0,0,0,0,0,0
376,71,0,0,0,0,0,0,0
362,71,0,0,0,0,0,0,0
353,71,0,0,0,0,0,0,0
351,71,0,0,0,0,0,0,0
364,71,0,0,0,0,0,0,0
391,71,0,0,0,0,0,0,0
431,71,0,0,0,0,0,0,0
461,71,0,0,0,0,0,0,0
513,71,0,0,0,0,0,0,0
560,71,0,0,0,0,0,0,0
577,71,0,0,0,0,0,0,0
564,71,0,0,0,0,0,0,0
529,71,0,0,0,0,0,0,0
483,71,0,0,0,0,0,0,0
429,71,0,0,0,0,0,0,0
350,71,0,0,0,0,0,0,0
274,71,0,0,0,0,0,0,0
202,71,0,0,0,0,0,0,0
138,71,0,0,0,0,0,0,0
77,71,0,0,0,0,0,0,0
22,71,0,0,0,0,0,0,0
-24,71,0,0,0,0,0,0,0
-35,71,0,0,0,0,0,0,0
-21,71,0,0,0,0,0,0,0
34,71,0,0,0,0,0,0,0
98,71,0,0,0,0,0,0,0
203,71,0,0,0,0,0,0,0
317,71,0,0,0,0,0,0,0
434,71,0,0,0,0,0,0,0
527,71,0,0,0,0,0,0,0
600,71,0,0,0,0,0,0,0
646,71,0,0,0,0,0,0,0
677,71,0,0,0,0,0,0,0
684,71,0,0,0,0,0,0,0
659,71,0,0,0,0,0,0,0
639,71,0,0,0,0,0,0,0
594,71,0,0,0,0,0,0,0
552,71,0,0,0,0,0,0,0
505,71,0,0,0,0,0,0,0
467,71,0,0,0,0,0,0,0
436,71,0,0,0,0,0,0,0
402,71,0,0,0,0,0,0,0
373,71,0,0,0,0,0,0,0
342,71,0,0,0,0,0,0,0
336,71,0,0,0,0,0,0,0
331,71,0,0,0,0,0,0,0
326,71,0,0,0,0,0,0,0
326,71,0,0,0,0,0,0,0
319,71,0,0,0,0,0,0,0
316,71,0,0,0,0,0,0,0
309,71,0,0,0,0,0,0,0
321,71,0,0,0,0,0,0,0
331,71,0,0,0,0,0,0,0
326,71,0,0,0,0,0,0,0
334,71,0,0,0,0,0,0,0
334,71,0,0,0,0,0,0,0
339,71,0,0,0,0,0,0,0
352,71,0,0,0,0,0,0,0
357,71,0,0,0,0,0,0,0
356,71,0,0,0,0,0,0,0
358,71,0,0,0,0,0,0,0
357,71,0,0,0,0,0,0,0
360,71,0,0,0,0,0,0,0
364,71,0,0,0,0,0,0,0
370,71,0,0,0,0,0,0,0
369,71,0,0,0,0,0,0,0
366,71,0,0,0,0,0,0,0
369,71,0,0,0,0,0,0,0
375,71,0,0,0,0,0,0,0
371,71,0,0,0,0,0,0,0
372,71,0,0,0,0,0,0,0
371,71,0,0,0,0,0,0,0
370,71,0,0,0,0,0,0,0
363,71,0,0,0,0,0,0,0
367,71,0,0,0,0,0,0,0
368,71,0,0,0,0,0,0,0
372,71,0,0,0,0,0,0,0
369,71,0,0,0,0,0,0,0
368,71,0,0,0,0,0,0,0
365,71,0,0,0,0,0,0,0
370,71,0,0,0,0,0,0,0
378,71,0,0,0,0,0,0,0
382,71,0,0,0,0,0,0,0
380,71,0,0,0,0,0,0,0
378,71,0,0,0,0,0,0,0
358,71,0,0,0,0,0,0,0
377,71,0,0,0,0,0,0,0
380,71,0,0,0,0,0,0,0
396,71,0,0,0,0,0,0,0
387,71,0,0,0,0,0,0,0
386,71,0,0,0,0,0,0,0
392,71,0,0,0,0,0,0,0
392,71,0,0,0,0,0,0,0
390,71,0,0,0,0,0,0,0
392,71,0,0,0,0,0,0,0
393,71,0,0,0,0,0,0,0
394,71,0,0,0,0,0,0,0
383,71,0,0,0,0,0,0,0
377,71,0,0,0,0,0,0,0
374,71,0,0,0,0,0,0,0
371,71,0,0,0,0,0,0,0
363,71,0,0,0,0,0,0,0
355,71,0,0,0,0,0,0,0
359,71,0,0,0,0,0,0,0
358,71,0,0,0,0,0,0,0
354,71,0,0,0,0,0,0,0
356,71,0,0,0,0,0,0,0
352,71,0,0,0,0,0,0,0
354,71,0,0,0,0,0,0,0
352,71,0,0,0,0,0,0,0
354,71,0,0,0,0,0,0,0
348,71,0,0,0,0,0,0,0
347,71,0,0,0,0,0,0,0
334,71,0,0,0,0,0,0,0
329,71,0,0,0,0,0,0,0
314,71,0,0,0,0,0,0,0
316,71,0,0,0,0,0,0,0
301,71,0,0,0,0,0,0,0
302,71,0,0,0,0,0,0,0
299,71,0,0,0,0,0,0,0
290,71,0,0,0,0,0,0,0
290,71,0,0,0,0,0,0,0
293,71,0,0,0,0,0,0,0
293,71,0,0,0,0,0,0,0
295,71,0,0,0,0,0,0,0
295,71,0,0,0,0,0,0,0
301,71,0,0,0,0,0,0,0
311,71,0,0,0,0,0,0,0
311,71,0,0,0,0,0,0,0
329,71,0,0,0,0,0,0,0
335,71,0,0,0,0,0,0,0
345,71,0,0,0,0,0,0,0
348,71,0,0,0,0,0,0,0
349,71,0,0,0,0,0,0,0
355,71,0,0,0,0,0,0,0
358,71,0,0,0,0,0,0,0
374,71,0,0,0,0,0,0,0
371,71,0,0,0,0,0,0,0
375,71,0,0,0,0,0,0,0
378,71,0,0,0,0,0,0,0
380,71,0,0,0,0,0,0,0
391,71,0,0,0,0,0,0,0
397,71,0,0,0,0,0,0,0
400,71,0,0,0,0,0,0,0
401,71,0,0,0,0,0,0,0
403,71,0,0,0,0,0,0,0
402,71,0,0,0,0,0,0,0
407,71,0,0,0,0,0,0,0
408,71,0,0,0,0,0,0,0
395,71,0,0,0,0,0,0,0
400,71,0,0,0,0,0,0,0
392,71,0,0,0,0,0,0,0
397,71,0,0,0,0,0,0,0
401,71,0,0,0,0,0,0,0
392,71,0,0,0,0,0,0,0
391,71,0,0,0,0,0,0,0
390,71,0,0,0,0,0,0,0
385,71,0,0,0,0,0,0,0
380,71,0,0,0,0,0,0,0
383,71,0,0,0,0,0,0,0
380,71,0,0,0,0,0,0,0
382,71,0,0,0,0,0,0,0
373,71,0,0,0,0,0,0,0
369,71,0,0,0,0,0,0,0
370,71,0,0,0,0,0,0,0
374,71,0,0,0,0,0,0,0
376,71,0,0,0,0,0,0,0
374,71,0,0,0,0,0,0,0
374,71,0,0,0,0,0,0,0
371,71,0,0,0,0,0,0,0
378,71,0,0,0,0,0,0,0
381,71,0,0,0,0,0,0,0
384,71,0,0,0,0,0,0,0
374,71,0,0,0,0,0,0,0
371,71,0,0,0,0,0,0,0
375,71,0,0,0,0,0,0,0
368,71,0,0,0,0,0,0,0
371,71,0,0,0,0,0,0,0
366,71,0,0,0,0,0,0,0
365,71,0,0,0,0,0,0,0
363,71,0,0,0,0,0,0,0
361,71,0,0,0,0,0,0,0
371,71,0,0,0,0,0,0,0
371,71,0,0,0,0,0,0,0
371,71,0,0,0,0,0,0,0
373,71,0,0,0,0,0,0,0
372,71,0,0,0,0,0,0,0
370,71,0,0,0,0,0,0,0
364,71,0,0,0,0,0,0,0
373,71,0,0,0,0,0,0,0
373,71,0,0,0,0,0,0,0
369,71,0,0,0,0,0,0,0
362,71,0,0,0,0,0,0,0
357,71,0,0,0,0,0,0,0
361,71,0,0,0,0,0,0,0
370,71,0,0,0,0,0,0,0
372,71,0,0,0,0,0,0,0
369,71,0,0,0,0,0,0,0
363,71,0,0,0,0,0,0,0
365,71,0,0,0,0,0,0,0
368,71,0,0,0,0,0,0,0
369,71,0,0,0,0,0,0,0
374,71,0,0,0,0,0,0,0
373,71,0,0,0,0,0,0,0
374,71,0,0,0,0,0,0,0
369,71,0,0,0,0,0,0,0
373,71,0,0,0,0,0,0,0
374,71,0,0,0,0,0,0,0
370,71,0,0,0,0,0,0,0
364,71,0,0,0,0,0,0,0
359,71,0,0,0,0,0,0,0
361,71,0,0,0,0,0,0,0
361,71,0,0,0,0,0,0,0
362,71,0,0,0,0,0,0,0
367,71,0,0,0,0,0,0,0
366,71,0,0,0,0,0,0,0
371,71,0,0,0,0,0,0,0
370,71,0,0,0,0,0,0,0
371,71,0,0,0,0,0,0,0
381,71,0,0,0,0,0,0,0
376,71,0,0,0,0,0,0,0
367,71,0,0,0,0,0,0,0
372,71,0,0,0,0,0,0,0
366,71,0,0,0,0,0,0,0
367,71,0,0,0,0,0,0,0
364,71,0,0,0,0,0,0,0
368,71,0,0,0,0,0,0,0
368,71,0,0,0,0,0,0,0
366,71,0,0,0,0,0,0,0
362,71,0,0,0,0,0,0,0
360,71,0,0,0,0,0,0,0
378,71,0,0,0,0,0,0,0
366,71,0,0,0,0,0,0,0
369,71,0,0,0,0,0,0,0
364,71,0,0,0,0,0,0,0
359,71,0,0,0,0,0,0,0
359,71,0,0,0,0,0,0,0
363,71,0,0,0,0,0,0,0
363,71,0,0,0,0,0,0,0
357,71,0,0,0,0,0,0,0
367,71,0,0,0,0,0,0,0
371,71,0,0,0,0,0,0,0
373,71,0,0,0,0,0,0,0
376,71,0,0,0,0,0,0,0
383,71,0,0,0,0,0,0,0
375,71,0,0,0,0,0,0,0
381,71,0,0,0,0,0,0,0
377,71,0,0,0,0,0,0,0
382,71,0,0,0,0,0,0,0
382,71,0,0,0,0,0,0,0
376,71,0,0,0,0,0,0,0
373,71,0,0,0,0,0,0,0
370,71,0,0,0,0,0,0,0
368,71,0,0,0,0,0,0,0
367,71,0,0,0,0,0,0,0
374,71,0,0,0,0,0,0,0
367,71,0,0,0,0,0,0,0
365,71,0,0,0,0,0,0,0
369,71,0,0,0,0,0,0,0
372,71,0,0,0,0,0,0,0
363,71,0,0,0,0,0,0,0
383,71,0,0,0,0,0,0,0
384,71,0,0,0,0,0,0,0
384,71,0,0,0,0,0,0,0
382,71,0,0,0,0,0,0,0
380,71,0,0,0,0,0,0,0
386,71,0,0,0,0,0,0,0
391,71,0,0,0,0,0,0,0
382,71,0,0,0,0,0,0,0
374,71,0,0,0,0,0,0,0
368,71,0,0,0,0,0,0,0
364,71,0,0,0,0,0,0,0
361,71,0,0,0,0,0,0,0
363,71,0,0,0,0,0,0,0
358,71,0,0,0,0,0,0,0
352,71,0,0,0,0,0,0,0
349,71,0,0,0,0,0,0,0
344,71,0,0,0,0,0,0,0
355,71,0,0,0,0,0,0,0
352,71,0,0,0,0,0,0,0
275,71,0,0,0,0,0,0,0
354,71,0,0,0,0,0,0,0
344,71,0,0,0,0,0,0,0
339,71,0,0,0,0,0,0,0
342,71,0,0,0,0,0,0,0
345,71,0,0,0,0,0,0,0
354,71,0,0,0,0,0,0,0
350,71,0,0,0,0,0,0,0
345,71,0,0,0,0,0,0,0
343,71,0,0,0,0,0,0,0
351,71,0,0,0,0,0,0,0
365,71,0,0,0,0,0,0,0
374,71,0,0,0,0,0,0,0
366,71,0,0,0,0,0,0,0
370,71,0,0,0,0,0,0,0
368,71,0,0,0,0,0,0,0
376,71,0,0,0,0,0,0,0
391,71,0,0,0,0,0,0,0
395,71,0,0,0,0,0,0,0
391,71,0,0,0,0,0,0,0
390,71,0,0,0,0,0,0,0
390,71,0,0,0,0,0,0,0
386,71,0,0,0,0,0,0,0
396,71,0,0,0,0,0,0,0
381,71,0,0,0,0,0,0,0
368,71,0,0,0,0,0,0,0
359,71,0,0,0,0,0,0,0
364,71,0,0,0,0,0,0,0
376,71,0,0,0,0,0,0,0
407,71,0,0,0,0,0,0,0
436,71,0,0,0,0,0,0,0
475,71,0,0,0,0,0,0,0
518,71,0,0,0,0,0,0,0
559,71,0,0,0,0,0,0,0
575,71,0,0,0,0,0,0,0
569,71,0,0,0,0,0,0,0
538,71,0,0,0,0,0,0,0
459,71,0,0,0,0,0,0,0
424,71,0,0,0,0,0,0,0
327,71,0,0,0,0,0,0,0
240,71,0,0,0,0,0,0,0
175,71,0,0,0,0,0,0,0
113,71,0,0,0,0,0,0,0
54,71,0,0,0,0,0,0,0
-12,71,0,0,0,0,0,0,0
-48,71,0,0,0,0,0,0,0
-51,71,0,0,0,0,0,0,0
-20,71,0,0,0,0,0,0,0
49,71,0,0,0,0,0,0,0
129,71,0,0,0,0,0,0,0
239,71,0,0,0,0,0,0,0
352,71,0,0,0,0,0,0,0
464,71,0,0,0,0,0,0,0
573,71,0,0,0,0,0,0,0
631,71,0,0,0,0,0,0,0
677,71,0,0,0,0,0,0,0
715,71,0,0,0,0,0,0,0
695,71,0,0,0,0,0,0,0
677,71,0,0,0,0,0,0,0
647,71,0,0,0,0,0,0,0
599,71,0,0,0,0,0,0,0
552,71,0,0,0,0,0,0,0
509,71,0,0,0,0,0,0,0
464,71,0,0,0,0,0,0,0
423,71,0,0,0,0,0,0,0
426,71,0,0,0,0,0,0,0
363,71,0,0,0,0,0,0,0
346,71,0,0,0,0,0,0,0
329,71,0,0,0,0,0,0,0
320,71,0,0,0,0,0,0,0
315,71,0,0,0,0,0,0,0
313,71,0,0,0,0,0,0,0
314,71,0,0,0,0,0,0,0
319,71,0,0,0,0,0,0,0
322,71,0,0,0,0,0,0,0
328,71,0,0,0,0,0,0,0
329,71,0,0,0,0,0,0,0
339,71,0,0,0,0,0,0,0
338,71,0,0,0,0,0,0,0
345,71,0,0,0,0,0,0,0
339,71,0,0,0,0,0,0,0
353,71,0,0,0,0,0,0,0
365,71,0,0,0,0,0,0,0
372,71,0,0,0,0,0,0,0
369,71,0,0,0,0,0,0,0
365,71,0,0,0,0,0,0,0
369,71,0,0,0,0,0,0,0
372,71,0,0,0,0,0,0,0
367,71,0,0,0,0,0,0,0
396,71,0,0,0,0,0,0,0
366,71,0,0,0,0,0,0,0
372,71,0,0,0,0,0,0,0
369,71,0,0,0,0,0,0,0
369,71,0,0,0,0,0,0,0
373,71,0,0,0,0,0,0,0
375,71,0,0,0,0,0,0,0
383,71,0,0,0,0,0,0,0
391,71,0,0,0,0,0,0,0
390,71,0,0,0,0,0,0,0
386,71,0,0,0,0,0,0,0
392,71,0,0,0,0,0,0,0
393,71,0,0,0,0,0,0,0
387,71,0,0,0,0,0,0,0
386,71,0,0,0,0,0,0,0
376,71,0,0,0,0,0,0,0
379,71,0,0,0,0,0,0,0
378,71,0,0,0,0,0,0,0
377,71,0,0,0,0,0,0,0
379,71,0,0,0,0,0,0,0
382,71,0,0,0,0,0,0,0
382,71,0,0,0,0,0,0,0
385,71,0,0,0,0,0,0,0
386,71,0,0,0,0,0,0,0
388,71,0,0,0,0,0,0,0
387,71,0,0,0,0,0,0,0
387,71,0,0,0,0,0,0,0
387,71,0,0,0,0,0,0,0
391,71,0,0,0,0,0,0,0
389,71,0,0,0,0,0,0,0
386,71,0,0,0,0,0,0,0
384,71,0,0,0,0,0,0,0
381,71,0,0,0,0,0,0,0
384,71,0,0,0,0,0,0,0
378,71,0,0,0,0,0,0,0
376,71,0,0,0,0,0,0,0
378,71,0,0,0,0,0,0,0
379,71,0,0,0,0,0,0,0
373,71,0,0,0,0,0,0,0
372,71,0,0,0,0,0,0,0
360,71,0,0,0,0,0,0,0
369,71,0,0,0,0,0,0,0
363,71,0,0,0,0,0,0,0
352,71,0,0,0,0,0,0,0
348,71,0,0,0,0,0,0,0
346,71,0,0,0,0,0,0,0
336,71,0,0,0,0,0,0,0
332,71,0,0,0,0,0,0,0
341,71,0,0,0,0,0,0,0
293,71,0,0,0,0,0,0,0
316,71,0,0,0,0,0,0,0
316,71,0,0,0,0,0,0,0
304,71,0,0,0,0,0,0,0
302,71,0,0,0,0,0,0,0
306,71,0,0,0,0,0,0,0
293,71,0,0,0,0,0,0,0
297,71,0,0,0,0,0,0,0
287,71,0,0,0,0,0,0,0
287,71,0,0,0,0,0,0,0
299,71,0,0,0,0,0,0,0
307,71,0,0,0,0,0,0,0
309,71,0,0,0,0,0,0,0
309,71,0,0,0,0,0,0,0
321,71,0,0,0,0,0,0,0
316,71,0,0,0,0,0,0,0
328,71,0,0,0,0,0,0,0
342,71,0,0,0,0,0,0,0
350,71,0,0,0,0,0,0,0
360,71,0,0,0,0,0,0,0
361,71,0,0,0,0,0,0,0
367,71,0,0,0,0,0,0,0
380,71,0,0,0,0,0,0,0
393,71,0,0,0,0,0,0,0
396,71,0,0,0,0,0,0,0
399,71,0,0,0,0,0,0,0
397,71,0,0,0,0,0,0,0
403,71,0,0,0,0,0,0,0
410,71,0,0,0,0,0,0,0
420,71,0,0,0,0,0,0,0
405,71,0,0,0,0,0,0,0
408,71,0,0,0,0,0,0,0
404,71,0,0,0,0,0,0,0
404,71,0,0,0,0,0,0,0
407,71,0,0,0,0,0,0,0
405,71,0,0,0,0,0,0,0
401,71,0,0,0,0,0,0,0
401,71,0,0,0,0,0,0,0
401,71,0,0,0,0,0,0,0
391,71,0,0,0,0,0,0,0
393,71,0,0,0,0,0,0,0
395,71,0,0,0,0,0,0,0
392,71,0,0,0,0,0,0,0
386,71,0,0,0,0,0,0,0
384,71,0,0,0,0,0,0,0
383,71,0,0,0,0,0,0,0
380,71,0,0,0,0,0,0,0
385,71,0,0,0,0,0,0,0
382,71,0,0,0,0,0,0,0
377,71,0,0,0,0,0,0,0
374,71,0,0,0,0,0,0,0
379,71,0,0,0,0,0,0,0
385,71,0,0,0,0,0,0,0
394,71,0,0,0,0,0,0,0
385,71,0,0,0,0,0,0,0
384,71,0,0,0,0,0,0,0
381,71,0,0,0,0,0,0,0
367,71,0,0,0,0,0,0,0
380,71,0,0,0,0,0,0,0
375,71,0,0,0,0,0,0,0
372,71,0,0,0,0,0,0,0
369,71,0,0,0,0,0,0,0
367,71,0,0,0,0,0,0,0
369,71,0,0,0,0,0,0,0
371,71,0,0,0,0,0,0,0
378,71,0,0,0,0,0,0,0
367,71,0,0,0,0,0,0,0
365,71,0,0,0,0,0,0,0
365,71,0,0,0,0,0,0,0
364,71,0,0,0,0,0,0,0
370,71,0,0,0,0,0,0,0
367,71,0,0,0,0,0,0,0
368,71,0,0,0,0,0,0,0
372,71,0,0,0,0,0,0,0
376,71,0,0,0,0,0,0,0
378,71,0,0,0,0,0,0,0
378,71,0,0,0,0,0,0,0
378,71,0,0,0,0,0,0,0
372,71,0,0,0,0,0,0,0
361,71,0,0,0,0,0,0,0
359,71,0,0,0,0,0,0,0
361,71,0,0,0,0,0,0,0
363,71,0,0,0,0,0,0,0
369,71,0,0,0,0,0,0,0
368,71,0,0,0,0,0,0,0
368,71,0,0,0,0,0,0,0
371,71,0,0,0,0,0,0,0
371,71,0,0,0,0,0,0,0
376,71,0,0,0,0,0,0,0
377,71,0,0,0,0,0,0,0
376,71,0,0,0,0,0,0,0
376,71,0,0,0,0,0,0,0
373,71,0,0,0,0,0,0,0
376,71,0,0,0,0,0,0,0
375,71,0,0,0,0,0,0,0
374,71,0,0,0,0,0,0,0
371,71,0,0,0,0,0,0,0
372,71,0,0,0,0,0,0,0
369,71,0,0,0,0,0,0,0
371,71,0,0,0,0,0,0,0
367,71,0,0,0,0,0,0,0
334,71,0,0,0,0,0,0,0
373,71,0,0,0,0,0,0,0
371,71,0,0,0,0,0,0,0
368,71,0,0,0,0,0,0,0
375,71,0,0,0,0,0,0,0
382,71,0,0,0,0,0,0,0
385,71,0,0,0,0,0,0,0
377,71,0,0,0,0,0,0,0
372,71,0,0,0,0,0,0,0
364,71,0,0,0,0,0,0,0
373,71,0,0,0,0,0,0,0
379,71,0,0,0,0,0,0,0
379,71,0,0,0,0,0,0,0
377,71,0,0,0,0,0,0,0
375,71,0,0,0,0,0,0,0
351,71,0,0,0,0,0,0,0
370,71,0,0,0,0,0,0,0
381,71,0,0,0,0,0,0,0
366,71,0,0,0,0,0,0,0
368,71,0,0,0,0,0,0,0
358,71,0,0,0,0,0,0,0
359,71,0,0,0,0,0,0,0
362,71,0,0,0,0,0,0,0
357,71,0,0,0,0,0,0,0
370,71,0,0,0,0,0,0,0
369,71,0,0,0,0,0,0,0
369,71,0,0,0,0,0,0,0
371,71,0,0,0,0,0,0,0
373,71,0,0,0,0,0,0,0
383,71,0,0,0,0,0,0,0
384,71,0,0,0,0,0,0,0
390,71,0,0,0,0,0,0,0
386,71,0,0,0,0,0,0,0
386,71,0,0,0,0,0,0,0
390,71,0,0,0,0,0,0,0
388,71,0,0,0,0,0,0,0
394,71,0,0,0,0,0,0,0
388,71,0,0,0,0,0,0,0
380,71,0,0,0,0,0,0,0
382,71,0,0,0,0,0,0,0
386,71,0,0,0,0,0,0,0
387,71,0,0,0,0,0,0,0
383,71,0,0,0,0,0,0,0
382,71,0,0,0,0,0,0,0
377,71,0,0,0,0,0,0,0
380,71,0,0,0,0,0,0,0
377,71,0,0,0,0,0,0,0
382,71,0,0,0,0,0,0,0
374,71,0,0,0,0,0,0,0
370,71,0,0,0,0,0,0,0
363,71,0,0,0,0,0,0,0
356,71,0,0,0,0,0,0,0
354,71,0,0,0,0,0,0,0
354,71,0,0,0,0,0,0,0
351,71,0,0,0,0,0,0,0
345,71,0,0,0,0,0,0,0
343,71,0,0,0,0,0,0,0
349,71,0,0,0,0,0,0,0
338,71,0,0,0,0,0,0,0
352,71,0,0,0,0,0,0,0
353,71,0,0,0,0,0,0,0
345,71,0,0,0,0,0,0,0
350,71,0,0,0,0,0,0,0
351,71,0,0,0,0,0,0,0
350,71,0,0,0,0,0,0,0
358,71,0,0,0,0,0,0,0
360,71,0,0,0,0,0,0,0
362,71,0,0,0,0,0,0,0
367,71,0,0,0,0,0,0,0
364,71,0,0,0,0,0,0,0
367,71,0,0,0,0,0,0,0
376,71,0,0,0,0,0,0,0
380,71,0,0,0,0,0,0,0
378,71,0,0,0,0,0,0,0
388,71,0,0,0,0,0,0,0
387,71,0,0,0,0,0,0,0
393,71,0,0,0,0,0,0,0
398,71,0,0,0,0,0,0,0
390,71,0,0,0,0,0,0,0
384,71,0,0,0,0,0,0,0
378,71,0,0,0,0,0,0,0
399,71,0,0,0,0,0,0,0
373,71,0,0,0,0,0,0,0
381,71,0,0,0,0,0,0,0
372,71,0,0,0,0,0,0,0
365,71,0,0,0,0,0,0,0
363,71,0,0,0,0,0,0,0
380,71,0,0,0,0,0,0,0
405,71,0,0,0,0,0,0,0
451,71,0,0,0,0,0,0,0
494,71,0,0,0,0,0,0,0
529,71,0,0,0,0,0,0,0
558,71,0,0,0,0,0,0,0
568,71,0,0,0,0,0,0,0
559,71,0,0,0,0,0,0,0
533,71,0,0,0,0,0,0,0
477,71,0,0,0,0,0,0,0
402,71,0,0,0,0,0,0,0
311,71,0,0,0,0,0,0,0
224,71,0,0,0,0,0,0,0
148,71,0,0,0,0,0,0,0
93,71,0,0,0,0,0,0,0
37,71,0,0,0,0,0,0,0
-3,71,0,0,0,0,0,0,0
-30,71,0,0,0,0,0,0,0
-24,71,0,0,0,0,0,0,0
15,71,0,0,0,0,0,0,0
83,71,0,0,0,0,0,0,0
175,71,0,0,0,0,0,0,0
275,71,0,0,0,0,0,0,0
395,71,0,0,0,0,0,0,0
496,71,0,0,0,0,0,0,0
583,71,0,0,0,0,0,0,0
651,71,0,0,0,0,0,0,0
694,71,0,0,0,0,0,0,0
703,71,0,0,0,0,0,0,0
701,71,0,0,0,0,0,0,0
677,71,0,0,0,0,0,0,0
641,71,0,0,0,0,0,0,0
589,71,0,0,0,0,0,0,0
547,71,0,0,0,0,0,0,0
496,71,0,0,0,0,0,0,0
452,71,0,0,0,0,0,0,0
418,71,0,0,0,0,0,0,0
393,71,0,0,0,0,0,0,0
374,71,0,0,0,0,0,0,0
353,71,0,0,0,0,0,0,0
340,71,0,0,0,0,0,0,0
332,71,0,0,0,0,0,0,0
321,71,0,0,0,0,0,0,0
323,71,0,0,0,0,0,0,0
329,71,0,0,0,0,0,0,0
332,71,0,0,0,0,0,0,0
334,72,0,0,0,0,0,0,0
326,72,0,0,0,0,0,0,0
336,72,0,0,0,0,0,0,0
339,72,0,0,0,0,0,0,0
348,72,0,0,0,0,0,0,0
344,72,0,0,0,0,0,0,0
343,72,0,0,0,0,0,0,0
358,72,0,0,0,0,0,0,0
355,72,0,0,0,0,0,0,0
365,72,0,0,0,0,0,0,0
367,72,0,0,0,0,0,0,0
374,72,0,0,0,0,0,0,0
371,72,0,0,0,0,0,0,0
370,72,0,0,0,0,0,0,0
375,72,0,0,0,0,0,0,0
377,72,0,0,0,0,0,0,0
380,72,0,0,0,0,0,0,0
381,72,0,0,0,0,0,0,0
376,72,0,0,0,0,0,0,0
376,72,0,0,0,0,0,0,0
374,72,0,0,0,0,0,0,0
365,72,0,0,0,0,0,0,0
375,72,0,0,0,0,0,0,0
374,72,0,0,0,0,0,0,0
373,72,0,0,0,0,0,0,0
367,72,0,0,0,0,0,0,0
379,72,0,0,0,0,0,0,0
381,72,0,0,0,0,0,0,0
389,72,0,0,0,0,0,0,0
386,72,0,0,0,0,0,0,0
390,72,0,0,0,0,0,0,0
389,72,0,0,0,0,0,0,0
393,72,0,0,0,0,0,0,0
387,72,0,0,0,0,0,0,0
395,72,0,0,0,0,0,0,0
390,72,0,0,0,0,0,0,0
391,72,0,0,0,0,0,0,0
390,72,0,0,0,0,0,0,0
387,72,0,0,0,0,0,0,0
390,72,0,0,0,0,0,0,0
393,72,0,0,0,0,0,0,0
395,72,0,0,0,0,0,0,0
388,72,0,0,0,0,0,0,0
389,72,0,0,0,0,0,0,0
391,72,0,0,0,0,0,0,0
390,72,0,0,0,0,0,0,0
418,72,0,0,0,0,0,0,0
387,72,0,0,0,0,0,0,0
389,72,0,0,0,0,0,0,0
388,72,0,0,0,0,0,0,0
379,72,0,0,0,0,0,0,0
380,72,0,0,0,0,0,0,0
378,72,0,0,0,0,0,0,0
375,72,0,0,0,0,0,0,0
368,72,0,0,0,0,0,0,0
365,72,0,0,0,0,0,0,0
361,72,0,0,0,0,0,0,0
413,72,0,0,0,0,0,0,0
351,72,0,0,0,0,0,0,0
356,72,0,0,0,0,0,0,0
353,72,0,0,0,0,0,0,0
340,72,0,0,0,0,0,0,0
346,72,0,0,0,0,0,0,0
327,72,0,0,0,0,0,0,0
333,72,0,0,0,0,0,0,0
332,72,0,0,0,0,0,0,0
329,72,0,0,0,0,0,0,0
319,72,0,0,0,0,0,0,0
312,72,0,0,0,0,0,0,0
312,72,0,0,0,0,0,0,0
310,72,0,0,0,0,0,0,0
308,72,0,0,0,0,0,0,0
310,72,0,0,0,0,0,0,0
309,72,0,0,0,0,0,0,0
309,72,0,0,0,0,0,0,0
316,72,0,0,0,0,0,0,0
331,72,0,0,0,0,0,0,0
329,72,0,0,0,0,0,0,0
335,72,0,0,0,0,0,0,0
336,72,0,0,0,0,0,0,0
346,72,0,0,0,0,0,0,0
355,72,0,0,0,0,0,0,0
360,72,0,0,0,0,0,0,0
372,72,0,0,0,0,0,0,0
371,72,0,0,0,0,0,0,0
379,72,0,0,0,0,0,0,0
386,72,0,0,0,0,0,0,0
393,72,0,0,0,0,0,0,0
397,72,0,0,0,0,0,0,0
402,72,0,0,0,0,0,0,0
409,72,0,0,0,0,0,0,0
406,72,0,0,0,0,0,0,0
405,72,0,0,0,0,0,0,0
419,72,0,0,0,0,0,0,0
414,72,0,0,0,0,0,0,0
409,72,0,0,0,0,0,0,0
407,72,0,0,0,0,0,0,0
409,72,0,0,0,0,0,0,0
406,72,0,0,0,0,0,0,0
405,72,0,0,0,0,0,0,0
404,72,0,0,0,0,0,0,0
401,72,0,0,0,0,0,0,0
401,72,0,0,0,0,0,0,0
394,72,0,0,0,0,0,0,0
400,72,0,0,0,0,0,0,0
394,72,0,0,0,0,0,0,0
391,72,0,0,0,0,0,0,0
383,72,0,0,0,0,0,0,0
385,72,0,0,0,0,0,0,0
382,72,0,0,0,0,0,0,0
383,72,0,0,0,0,0,0,0
337,72,0,0,0,0,0,0,0
392,72,0,0,0,0,0,0,0
388,72,0,0,0,0,0,0,0
381,72,0,0,0,0,0,0,0
382,72,0,0,0,0,0,0,0
378,72,0,0,0,0,0,0,0
381,72,0,0,0,0,0,0,0
383,72,0,0,0,0,0,0,0
374,72,0,0,0,0,0,0,0
373,72,0,0,0,0,0,0,0
374,72,0,0,0,0,0,0,0
375,72,0,0,0,0,0,0,0
383,72,0,0,0,0,0,0,0
379,72,0,0,0,0,0,0,0
383,72,0,0,0,0,0,0,0
374,72,0,0,0,0,0,0,0
369,72,0,0,0,0,0,0,0
370,72,0,0,0,0,0,0,0
381,72,0,0,0,0,0,0,0
374,72,0,0,0,0,0,0,0
373,72,0,0,0,0,0,0,0
382,72,0,0,0,0,0,0,0
374,72,0,0,0,0,0,0,0
354,72,0,0,0,0,0,0,0
376,72,0,0,0,0,0,0,0
376,72,0,0,0,0,0,0,0
367,72,0,0,0,0,0,0,0
368,72,0,0,0,0,0,0,0
372,72,0,0,0,0,0,0,0
370,72,0,0,0,0,0,0,0
376,72,0,0,0,0,0,0,0
384,72,0,0,0,0,0,0,0
377,72,0,0,0,0,0,0,0
371,72,0,0,0,0,0,0,0
378,72,0,0,0,0,0,0,0
378,72,0,0,0,0,0,0,0
372,72,0,0,0,0,0,0,0
386,72,0,0,0,0,0,0,0
380,72,0,0,0,0,0,0,0
372,72,0,0,0,0,0,0,0
376,72,0,0,0,0,0,0,0
373,72,0,0,0,0,0,0,0
381,72,0,0,0,0,0,0,0
376,72,0,0,0,0,0,0,0
374,72,0,0,0,0,0,0,0
376,72,0,0,0,0,0,0,0
381,72,0,0,0,0,0,0,0
378,72,0,0,0,0,0,0,0
363,72,0,0,0,0,0,0,0
387,72,0,0,0,0,0,0,0
374,72,0,0,0,0,0,0,0
371,72,0,0,0,0,0,0,0
374,72,0,0,0,0,0,0,0
370,72,0,0,0,0,0,0,0
383,72,0,0,0,0,0,0,0
383,72,0,0,0,0,0,0,0
378,72,0,0,0,0,0,0,0
373,72,0,0,0,0,0,0,0
375,72,0,0,0,0,0,0,0
381,72,0,0,0,0,0,0,0
380,72,0,0,0,0,0,0,0
388,72,0,0,0,0,0,0,0
377,72,0,0,0,0,0,0,0
383,72,0,0,0,0,0,0,0
379,72,0,0,0,0,0,0,0
381,72,0,0,0,0,0,0,0
380,72,0,0,0,0,0,0,0
384,72,0,0,0,0,0,0,0
381,72,0,0,0,0,0,0,0
374,72,0,0,0,0,0,0,0
374,72,0,0,0,0,0,0,0
377,72,0,0,0,0,0,0,0
381,72,0,0,0,0,0,0,0
383,72,0,0,0,0,0,0,0
390,72,0,0,0,0,0,0,0
378,72,0,0,0,0,0,0,0
387,72,0,0,0,0,0,0,0
385,72,0,0,0,0,0,0,0
392,72,0,0,0,0,0,0,0
394,72,0,0,0,0,0,0,0
388,72,0,0,0,0,0,0,0
396,72,0,0,0,0,0,0,0
382,72,0,0,0,0,0,0,0
378,72,0,0,0,0,0,0,0
383,72,0,0,0,0,0,0,0
374,72,0,0,0,0,0,0,0
375,72,0,0,0,0,0,0,0
367,72,0,0,0,0,0,0,0
370,72,0,0,0,0,0,0,0
369,72,0,0,0,0,0,0,0
384,72,0,0,0,0,0,0,0
382,72,0,0,0,0,0,0,0
384,72,0,0,0,0,0,0,0
382,72,0,0,0,0,0,0,0
380,72,0,0,0,0,0,0,0
377,72,0,0,0,0,0,0,0
379,72,0,0,0,0,0,0,0
386,72,0,0,0,0,0,0,0
371,72,0,0,0,0,0,0,0
369,72,0,0,0,0,0,0,0
361,72,0,0,0,0,0,0,0
361,72,0,0,0,0,0,0,0
351,72,0,0,0,0,0,0,0
364,72,0,0,0,0,0,0,0
354,72,0,0,0,0,0,0,0
353,72,0,0,0,0,0,0,0
355,72,0,0,0,0,0,0,0
355,72,0,0,0,0,0,0,0
356,72,0,0,0,0,0,0,0
352,72,0,0,0,0,0,0,0
352,72,0,0,0,0,0,0,0
353,72,0,0,0,0,0,0,0
357,72,0,0,0,0,0,0,0
358,72,0,0,0,0,0,0,0
365,72,0,0,0,0,0,0,0
369,72,0,0,0,0,0,0,0
371,72,0,0,0,0,0,0,0
367,72,0,0,0,0,0,0,0
371,72,0,0,0,0,0,0,0
378,72,0,0,0,0,0,0,0
380,72,0,0,0,0,0,0,0
386,72,0,0,0,0,0,0,0
390,72,0,0,0,0,0,0,0
406,72,0,0,0,0,0,0,0
390,72,0,0,0,0,0,0,0
384,72,0,0,0,0,0,0,0
399,72,0,0,0,0,0,0,0
401,72,0,0,0,0,0,0,0
395,72,0,0,0,0,0,0,0
378,72,0,0,0,0,0,0,0
371,72,0,0,0,0,0,0,0
364,72,0,0,0,0,0,0,0
364,72,0,0,0,0,0,0,0
370,72,0,0,0,0,0,0,0
381,72,0,0,0,0,0,0,0
409,72,0,0,0,0,0,0,0
487,72,0,0,0,0,0,0,0
494,72,0,0,0,0,0,0,0
540,72,0,0,0,0,0,0,0
578,72,0,0,0,0,0,0,0
571,72,0,0,0,0,0,0,0
547,72,0,0,0,0,0,0,0
505,72,0,0,0,0,0,0,0
461,72,0,0,0,0,0,0,0
399,72,0,0,0,0,0,0,0
328,72,0,0,0,0,0,0,0
254,72,0,0,0,0,0,0,0
192,72,0,0,0,0,0,0,0
138,72,0,0,0,0,0,0,0
84,72,0,0,0,0,0,0,0
39,72,0,0,0,0,0,0,0
8,72,0,0,0,0,0,0,0
4,72,0,0,0,0,0,0,0
37,82,0,0,0,0,0,0,0
96,82,0,0,0,0,0,0,0
179,82,0,0,0,0,0,0,0
289,82,0,0,0,0,0,0,0
386,82,0,0,0,0,0,0,0
491,82,0,0,0,0,0,0,0
571,82,0,0,0,0,0,0,0
626,82,0,0,0,0,0,0,0
668,82,0,0,0,0,0,0,0
692,82,0,0,0,0,0,0,0
683,82,0,0,0,0,0,0,0
660,82,0,0,0,0,0,0,0
614,82,0,0,0,0,0,0,0
570,82,0,0,0,0,0,0,0
526,82,0,0,0,0,0,0,0
488,82,0,0,0,0,0,0,0
461,82,0,0,0,0,0,0,0
427,82,0,0,0,0,0,0,0
393,82,0,0,0,0,0,0,0
370,82,0,0,0,0,0,0,0
349,82,0,0,0,0,0,0,0
344,82,0,0,0,0,0,0,0
337,82,0,0,0,0,0,0,0
336,82,0,0,0,0,0,0,0
326,82,0,0,0,0,0,0,0
319,82,0,0,0,0,0,0,0
329,82,0,0,0,0,0,0,0
340,82,0,0,0,0,0,0,0
343,82,0,0,0,0,0,0,0
350,82,0,0,0,0,0,0,0
345,82,0,0,0,0,0,0,0
347,82,0,0,0,0,0,0,0
357,82,0,0,0,0,0,0,0
364,82,0,0,0,0,0,0,0
363,82,0,0,0,0,0,0,0
362,82,0,0,0,0,0,0,0
367,82,0,0,0,0,0,0,0
365,82,0,0,0,0,0,0,0
364,82,0,0,0,0,0,0,0
367,82,0,0,0,0,0,0,0
376,82,0,0,0,0,0,0,0
376,82,0,0,0,0,0,0,0
370,82,0,0,0,0,0,0,0
379,82,0,0,0,0,0,0,0
382,82,0,0,0,0,0,0,0
384,82,0,0,0,0,0,0,0
388,82,0,0,0,0,0,0,0
385,82,0,0,0,0,0,0,0
378,82,0,0,0,0,0,0,0
377,82,0,0,0,0,0,0,0
382,82,0,0,0,0,0,0,0
391,82,0,0,0,0,0,0,0
386,82,0,0,0,0,0,0,0
390,82,0,0,0,0,0,0,0
392,82,0,0,0,0,0,0,0
384,82,0,0,0,0,0,0,0
391,82,0,0,0,0,0,0,0
392,82,0,0,0,0,0,0,0
383,82,0,0,0,0,0,0,0
386,82,0,0,0,0,0,0,0
384,82,0,0,0,0,0,0,0
387,82,0,0,0,0,0,0,0
383,82,0,0,0,0,0,0,0
391,82,0,0,0,0,0,0,0
401,82,0,0,0,0,0,0,0
394,82,0,0,0,0,0,0,0
393,82,0,0,0,0,0,0,0
400,82,0,0,0,0,0,0,0
401,82,0,0,0,0,0,0,0
407,82,0,0,0,0,0,0,0
410,82,0,0,0,0,0,0,0
404,82,0,0,0,0,0,0,0
400,82,0,0,0,0,0,0,0
395,82,0,0,0,0,0,0,0
395,82,0,0,0,0,0,0,0
391,82,0,0,0,0,0,0,0
390,82,0,0,0,0,0,0,0
384,82,0,0,0,0,0,0,0
380,82,0,0,0,0,0,0,0
379,82,0,0,0,0,0,0,0
379,82,0,0,0,0,0,0,0
378,82,0,0,0,0,0,0,0
372,82,0,0,0,0,0,0,0
364,82,0,0,0,0,0,0,0
356,82,0,0,0,0,0,0,0
350,82,0,0,0,0,0,0,0
350,82,0,0,0,0,0,0,0
344,82,0,0,0,0,0,0,0
347,82,0,0,0,0,0,0,0
336,82,0,0,0,0,0,0,0
335,82,0,0,0,0,0,0,0
329,82,0,0,0,0,0,0,0
325,82,0,0,0,0,0,0,0
324,82,0,0,0,0,0,0,0
323,82,0,0,0,0,0,0,0
318,82,0,0,0,0,0,0,0
320,82,0,0,0,0,0,0,0
318,82,0,0,0,0,0,0,0
309,82,0,0,0,0,0,0,0
323,82,0,0,0,0,0,0,0
316,82,0,0,0,0,0,0,0
316,82,0,0,0,0,0,0,0
320,82,0,0,0,0,0,0,0
324,82,0,0,0,0,0,0,0
336,82,0,0,0,0,0,0,0
343,82,0,0,0,0,0,0,0
351,82,0,0,0,0,0,0,0
353,82,0,0,0,0,0,0,0
359,82,0,0,0,0,0,0,0
371,82,0,0,0,0,0,0,0
380,82,0,0,0,0,0,0,0
381,82,0,0,0,0,0,0,0
390,82,0,0,0,0,0,0,0
394,82,0,0,0,0,0,0,0
399,82,0,0,0,0,0,0,0
396,82,0,0,0,0,0,0,0
405,82,0,0,0,0,0,0,0
410,82,0,0,0,0,0,0,0
409,82,0,0,0,0,0,0,0
399,82,0,0,0,0,0,0,0
405,82,0,0,0,0,0,0,0
396,82,0,0,0,0,0,0,0
396,82,0,0,0,0,0,0,0
408,82,0,0,0,0,0,0,0
403,82,0,0,0,0,0,0,0
401,82,0,0,0,0,0,0,0
401,82,0,0,0,0,0,0,0
401,82,0,0,0,0,0,0,0
404,82,0,0,0,0,0,0,0
409,82,0,0,0,0,0,0,0
406,82,0,0,0,0,0,0,0
404,82,0,0,0,0,0,0,0
400,82,0,0,0,0,0,0,0
400,82,0,0,0,0,0,0,0
398,82,0,0,0,0,0,0,0
397,82,0,0,0,0,0,0,0
400,82,0,0,0,0,0,0,0
391,82,0,0,0,0,0,0,0
389,82,0,0,0,0,0,0,0
389,82,0,0,0,0,0,0,0
385,82,0,0,0,0,0,0,0
392,82,0,0,0,0,0,0,0
389,82,0,0,0,0,0,0,0
386,82,0,0,0,0,0,0,0
379,82,0,0,0,0,0,0,0
379,82,0,0,0,0,0,0,0
381,82,0,0,0,0,0,0,0
377,82,0,0,0,0,0,0,0
378,82,0,0,0,0,0,0,0
376,82,0,0,0,0,0,0,0
371,82,0,0,0,0,0,0,0
379,82,0,0,0,0,0,0,0
380,82,0,0,0,0,0,0,0
384,82,0,0,0,0,0,0,0
380,82,0,0,0,0,0,0,0
379,82,0,0,0,0,0,0,0
380,82,0,0,0,0,0,0,0
381,82,0,0,0,0,0,0,0
382,82,0,0,0,0,0,0,0
391,82,0,0,0,0,0,0,0
388,82,0,0,0,0,0,0,0
383,82,0,0,0,0,0,0,0
378,82,0,0,0,0,0,0,0
374,82,0,0,0,0,0,0,0
380,82,0,0,0,0,0,0,0
383,82,0,0,0,0,0,0,0
378,82,0,0,0,0,0,0,0
375,82,0,0,0,0,0,0,0
364,82,0,0,0,0,0,0,0
373,82,0,0,0,0,0,0,0
370,82,0,0,0,0,0,0,0
377,82,0,0,0,0,0,0,0
372,82,0,0,0,0,0,0,0
383,82,0,0,0,0,0,0,0
377,82,0,0,0,0,0,0,0
386,82,0,0,0,0,0,0,0
383,82,0,0,0,0,0,0,0
390,82,0,0,0,0,0,0,0
386,82,0,0,0,0,0,0,0
381,82,0,0,0,0,0,0,0
381,82,0,0,0,0,0,0,0
386,82,0,0,0,0,0,0,0
380,82,0,0,0,0,0,0,0
386,82,0,0,0,0,0,0,0
377,82,0,0,0,0,0,0,0
382,82,0,0,0,0,0,0,0
375,82,0,0,0,0,0,0,0
375,82,0,0,0,0,0,0,0
379,82,0,0,0,0,0,0,0
381,82,0,0,0,0,0,0,0
380,82,0,0,0,0,0,0,0
380,82,0,0,0,0,0,0,0
381,82,0,0,0,0,0,0,0
455,82,0,0,0,0,0,0,0
372,82,0,0,0,0,0,0,0
383,82,0,0,0,0,0,0,0
385,82,0,0,0,0,0,0,0
374,82,0,0,0,0,0,0,0
375,82,0,0,0,0,0,0,0
375,82,0,0,0,0,0,0,0
382,82,0,0,0,0,0,0,0
389,82,0,0,0,0,0,0,0
392,82,0,0,0,0,0,0,0
384,82,0,0,0,0,0,0,0
379,82,0,0,0,0,0,0,0
382,82,0,0,0,0,0,0,0
382,82,0,0,0,0,0,0,0
386,82,0,0,0,0,0,0,0
388,82,0,0,0,0,0,0,0
385,82,0,0,0,0,0,0,0
380,82,0,0,0,0,0,0,0
379,82,0,0,0,0,0,0,0
380,82,0,0,0,0,0,0,0
390,82,0,0,0,0,0,0,0
388,82,0,0,0,0,0,0,0
387,82,0,0,0,0,0,0,0
380,82,0,0,0,0,0,0,0
375,82,0,0,0,0,0,0,0
371,82,0,0,0,0,0,0,0
374,82,0,0,0,0,0,0,0
380,82,0,0,0,0,0,0,0
383,82,0,0,0,0,0,0,0
372,82,0,0,0,0,0,0,0
369,82,0,0,0,0,0,0,0
366,82,0,0,0,0,0,0,0
379,82,0,0,0,0,0,0,0
375,82,0,0,0,0,0,0,0
379,82,0,0,0,0,0,0,0
373,82,0,0,0,0,0,0,0
376,82,0,0,0,0,0,0,0
385,82,0,0,0,0,0,0,0
404,82,0,0,0,0,0,0,0
398,82,0,0,0,0,0,0,0
398,82,0,0,0,0,0,0,0
397,82,0,0,0,0,0,0,0
399,82,0,0,0,0,0,0,0
390,82,0,0,0,0,0,0,0
397,82,0,0,0,0,0,0,0
392,82,0,0,0,0,0,0,0
388,82,0,0,0,0,0,0,0
388,82,0,0,0,0,0,0,0
391,82,0,0,0,0,0,0,0
388,82,0,0,0,0,0,0,0
400,82,0,0,0,0,0,0,0
389,82,0,0,0,0,0,0,0
387,82,0,0,0,0,0,0,0
386,82,0,0,0,0,0,0,0
403,82,0,0,0,0,0,0,0
381,82,0,0,0,0,0,0,0
385,82,0,0,0,0,0,0,0
377,82,0,0,0,0,0,0,0
367,82,0,0,0,0,0,0,0
362,82,0,0,0,0,0,0,0
358,82,0,0,0,0,0,0,0
356,82,0,0,0,0,0,0,0
362,82,0,0,0,0,0,0,0
359,82,0,0,0,0,0,0,0
357,82,0,0,0,0,0,0,0
362,82,0,0,0,0,0,0,0
356,82,0,0,0,0,0,0,0
367,82,0,0,0,0,0,0,0
367,82,0,0,0,0,0,0,0
366,82,0,0,0,0,0,0,0
441,82,0,0,0,0,0,0,0
352,82,0,0,0,0,0,0,0
424,82,0,0,0,0,0,0,0
362,82,0,0,0,0,0,0,0
372,82,0,0,0,0,0,0,0
375,82,0,0,0,0,0,0,0
366,82,0,0,0,0,0,0,0
371,82,0,0,0,0,0,0,0
376,82,0,0,0,0,0,0,0
387,82,0,0,0,0,0,0,0
392,82,0,0,0,0,0,0,0
393,82,0,0,0,0,0,0,0
391,82,0,0,0,0,0,0,0
378,82,0,0,0,0,0,0,0
382,82,0,0,0,0,0,0,0
390,82,0,0,0,0,0,0,0
391,82,0,0,0,0,0,0,0
386,82,0,0,0,0,0,0,0
390,82,0,0,0,0,0,0,0
381,82,0,0,0,0,0,0,0
380,82,0,0,0,0,0,0,0
386,82,0,0,0,0,0,0,0
386,82,0,0,0,0,0,0,0
378,82,0,0,0,0,0,0,0
387,82,0,0,0,0,0,0,0
410,82,0,0,0,0,0,0,0
446,82,0,0,0,0,0,0,0
491,82,0,0,0,0,0,0,0
540,82,0,0,0,0,0,0,0
578,82,0,0,0,0,0,0,0
590,82,0,0,0,0,0,0,0
573,82,0,0,0,0,0,0,0
555,82,0,0,0,0,0,0,0
504,82,0,0,0,0,0,0,0
437,82,0,0,0,0,0,0,0
359,82,0,0,0,0,0,0,0
275,82,0,0,0,0,0,0,0
199,82,0,0,0,0,0,0,0
142,82,0,0,0,0,0,0,0
90,82,0,0,0,0,0,0,0
40,82,0,0,0,0,0,0,0
-11,82,0,0,0,0,0,0,0
-26,82,0,0,0,0,0,0,0
0,82,0,0,0,0,0,0,0
54,82,0,0,0,0,0,0,0
131,82,0,0,0,0,0,0,0
240,82,0,0,0,0,0,0,0
357,82,0,0,0,0,0,0,0
457,82,0,0,0,0,0,0,0
551,82,0,0,0,0,0,0,0
626,82,0,0,0,0,0,0,0
675,82,0,0,0,0,0,0,0
699,82,0,0,0,0,0,0,0
685,82,0,0,0,0,0,0,0
677,82,0,0,0,0,0,0,0
643,82,0,0,0,0,0,0,0
602,82,0,0,0,0,0,0,0
567,82,0,0,0,0,0,0,0
516,82,0,0,0,0,0,0,0
475,82,0,0,0,0,0,0,0
438,82,0,0,0,0,0,0,0
393,82,0,0,0,0,0,0,0
368,82,0,0,0,0,0,0,0
351,82,0,0,0,0,0,0,0
345,82,0,0,0,0,0,0,0
334,82,0,0,0,0,0,0,0
325,82,0,0,0,0,0,0,0
332,82,0,0,0,0,0,0,0
328,82,0,0,0,0,0,0,0
335,82,0,0,0,0,0,0,0
347,82,0,0,0,0,0,0,0
348,70,0,0,0,0,0,0,0
353,70,0,0,0,0,0,0,0
354,70,0,0,0,0,0,0,0
352,70,0,0,0,0,0,0,0
362,70,0,0,0,0,0,0,0
368,70,0,0,0,0,0,0,0
366,70,0,0,0,0,0,0,0
373,70,0,0,0,0,0,0,0
348,70,0,0,0,0,0,0,0
372,70,0,0,0,0,0,0,0
375,70,0,0,0,0,0,0,0
373,70,0,0,0,0,0,0,0
381,70,0,0,0,0,0,0,0
373,70,0,0,0,0,0,0,0
388,70,0,0,0,0,0,0,0
374,70,0,0,0,0,0,0,0
401,70,0,0,0,0,0,0,0
388,70,0,0,0,0,0,0,0
381,70,0,0,0,0,0,0,0
388,70,0,0,0,0,0,0,0
388,70,0,0,0,0,0,0,0
391,70,0,0,0,0,0,0,0
388,70,0,0,0,0,0,0,0
390,70,0,0,0,0,0,0,0
390,70,0,0,0,0,0,0,0
392,70,0,0,0,0,0,0,0
395,70,0,0,0,0,0,0,0
397,70,0,0,0,0,0,0,0
397,70,0,0,0,0,0,0,0
398,70,0,0,0,0,0,0,0
369,70,0,0,0,0,0,0,0
400,70,0,0,0,0,0,0,0
392,70,0,0,0,0,0,0,0
393,70,0,0,0,0,0,0,0
396,70,0,0,0,0,0,0,0
392,70,0,0,0,0,0,0,0
403,70,0,0,0,0,0,0,0
398,70,0,0,0,0,0,0,0
399,70,0,0,0,0,0,0,0
398,70,0,0,0,0,0,0,0
405,70,0,0,0,0,0,0,0
398,70,0,0,0,0,0,0,0
406,70,0,0,0,0,0,0,0
399,70,0,0,0,0,0,0,0
394,70,0,0,0,0,0,0,0
393,70,0,0,0,0,0,0,0
394,70,0,0,0,0,0,0,0
394,70,0,0,0,0,0,0,0
393,70,0,0,0,0,0,0,0
392,70,0,0,0,0,0,0,0
386,70,0,0,0,0,0,0,0
383,70,0,0,0,0,0,0,0
390,70,0,0,0,0,0,0,0
386,70,0,0,0,0,0,0,0
388,70,0,0,0,0,0,0,0
375,70,0,0,0,0,0,0,0
377,70,0,0,0,0,0,0,0
375,70,0,0,0,0,0,0,0
375,70,0,0,0,0,0,0,0
368,70,0,0,0,0,0,0,0
361,70,0,0,0,0,0,0,0
357,70,0,0,0,0,0,0,0
317,70,0,0,0,0,0,0,0
342,70,0,0,0,0,0,0,0
334,70,0,0,0,0,0,0,0
329,70,0,0,0,0,0,0,0
319,70,0,0,0,0,0,0,0
312,70,0,0,0,0,0,0,0
312,70,0,0,0,0,0,0,0
304,70,0,0,0,0,0,0,0
312,70,0,0,0,0,0,0,0
308,70,0,0,0,0,0,0,0
307,70,0,0,0,0,0,0,0
311,70,0,0,0,0,0,0,0
319,70,0,0,0,0,0,0,0
323,70,0,0,0,0,0,0,0
320,70,0,0,0,0,0,0,0
320,70,0,0,0,0,0,0,0
332,70,0,0,0,0,0,0,0
346,70,0,0,0,0,0,0,0
351,70,0,0,0,0,0,0,0
365,70,0,0,0,0,0,0,0
375,70,0,0,0,0,0,0,0
377,70,0,0,0,0,0,0,0
389,70,0,0,0,0,0,0,0
392,70,0,0,0,0,0,0,0
394,70,0,0,0,0,0,0,0
402,70,0,0,0,0,0,0,0
410,70,0,0,0,0,0,0,0
413,70,0,0,0,0,0,0,0
408,70,0,0,0,0,0,0,0
414,70,0,0,0,0,0,0,0
412,70,0,0,0,0,0,0,0
415,70,0,0,0,0,0,0,0
422,70,0,0,0,0,0,0,0
417,70,0,0,0,0,0,0,0
416,70,0,0,0,0,0,0,0
418,70,0,0,0,0,0,0,0
411,70,0,0,0,0,0,0,0
417,70,0,0,0,0,0,0,0
410,70,0,0,0,0,0,0,0
410,70,0,0,0,0,0,0,0
399,70,0,0,0,0,0,0,0
398,70,0,0,0,0,0,0,0
389,70,0,0,0,0,0,0,0
400,70,0,0,0,0,0,0,0
403,70,0,0,0,0,0,0,0
407,70,0,0,0,0,0,0,0
398,70,0,0,0,0,0,0,0
399,70,0,0,0,0,0,0,0
399,70,0,0,0,0,0,0,0
400,70,0,0,0,0,0,0,0
405,70,0,0,0,0,0,0,0
403,70,0,0,0,0,0,0,0
398,70,0,0,0,0,0,0,0
395,70,0,0,0,0,0,0,0
393,70,0,0,0,0,0,0,0
378,70,0,0,0,0,0,0,0
391,70,0,0,0,0,0,0,0
382,70,0,0,0,0,0,0,0
380,70,0,0,0,0,0,0,0
383,70,0,0,0,0,0,0,0
378,70,0,0,0,0,0,0,0
380,70,0,0,0,0,0,0,0
389,70,0,0,0,0,0,0,0
391,70,0,0,0,0,0,0,0
389,70,0,0,0,0,0,0,0
380,70,0,0,0,0,0,0,0
381,70,0,0,0,0,0,0,0
383,70,0,0,0,0,0,0,0
383,70,0,0,0,0,0,0,0
380,70,0,0,0,0,0,0,0
379,70,0,0,0,0,0,0,0
374,70,0,0,0,0,0,0,0
379,70,0,0,0,0,0,0,0
388,70,0,0,0,0,0,0,0
388,70,0,0,0,0,0,0,0
400,70,0,0,0,0,0,0,0
378,70,0,0,0,0,0,0,0
389,70,0,0,0,0,0,0,0
389,70,0,0,0,0,0,0,0
385,70,0,0,0,0,0,0,0
392,70,0,0,0,0,0,0,0
389,70,0,0,0,0,0,0,0
380,70,0,0,0,0,0,0,0
385,70,0,0,0,0,0,0,0
377,70,0,0,0,0,0,0,0
375,70,0,0,0,0,0,0,0
387,70,0,0,0,0,0,0,0
383,70,0,0,0,0,0,0,0
383,70,0,0,0,0,0,0,0
386,70,0,0,0,0,0,0,0
380,70,0,0,0,0,0,0,0
385,70,0,0,0,0,0,0,0
386,70,0,0,0,0,0,0,0
382,70,0,0,0,0,0,0,0
379,70,0,0,0,0,0,0,0
378,70,0,0,0,0,0,0,0
377,70,0,0,0,0,0,0,0
383,70,0,0,0,0,0,0,0
388,70,0,0,0,0,0,0,0
385,70,0,0,0,0,0,0,0
383,70,0,0,0,0,0,0,0
388,70,0,0,0,0,0,0,0
391,70,0,0,0,0,0,0,0
393,70,0,0,0,0,0,0,0
396,70,0,0,0,0,0,0,0
399,70,0,0,0,0,0,0,0
397,70,0,0,0,0,0,0,0
389,70,0,0,0,0,0,0,0
383,70,0,0,0,0,0,0,0
376,70,0,0,0,0,0,0,0
383,70,0,0,0,0,0,0,0
378,70,0,0,0,0,0,0,0
375,70,0,0,0,0,0,0,0
382,70,0,0,0,0,0,0,0
383,70,0,0,0,0,0,0,0
382,70,0,0,0,0,0,0,0
390,70,0,0,0,0,0,0,0
385,70,0,0,0,0,0,0,0
377,70,0,0,0,0,0,0,0
379,70,0,0,0,0,0,0,0
375,70,0,0,0,0,0,0,0
384,70,0,0,0,0,0,0,0
384,70,0,0,0,0,0,0,0
383,70,0,0,0,0,0,0,0
379,70,0,0,0,0,0,0,0
387,70,0,0,0,0,0,0,0
391,70,0,0,0,0,0,0,0
387,70,0,0,0,0,0,0,0
393,70,0,0,0,0,0,0,0
389,70,0,0,0,0,0,0,0
384,70,0,0,0,0,0,0,0
377,70,0,0,0,0,0,0,0
385,70,0,0,0,0,0,0,0
384,70,0,0,0,0,0,0,0
390,70,0,0,0,0,0,0,0
389,70,0,0,0,0,0,0,0
383,70,0,0,0,0,0,0,0
386,70,0,0,0,0,0,0,0
375,70,0,0,0,0,0,0,0
383,70,0,0,0,0,0,0,0
375,70,0,0,0,0,0,0,0
378,70,0,0,0,0,0,0,0
373,70,0,0,0,0,0,0,0
374,70,0,0,0,0,0,0,0
368,70,0,0,0,0,0,0,0
366,70,0,0,0,0,0,0,0
376,70,0,0,0,0,0,0,0
379,70,0,0,0,0,0,0,0
378,70,0,0,0,0,0,0,0
380,70,0,0,0,0,0,0,0
388,70,0,0,0,0,0,0,0
389,70,0,0,0,0,0,0,0
399,70,0,0,0,0,0,0,0
393,70,0,0,0,0,0,0,0
398,70,0,0,0,0,0,0,0
395,70,0,0,0,0,0,0,0
393,70,0,0,0,0,0,0,0
403,70,0,0,0,0,0,0,0
399,70,0,0,0,0,0,0,0
404,70,0,0,0,0,0,0,0
403,70,0,0,0,0,0,0,0
392,70,0,0,0,0,0,0,0
406,70,0,0,0,0,0,0,0
404,70,0,0,0,0,0,0,0
409,70,0,0,0,0,0,0,0
407,70,0,0,0,0,0,0,0
402,70,0,0,0,0,0,0,0
403,70,0,0,0,0,0,0,0
399,70,0,0,0,0,0,0,0
395,70,0,0,0,0,0,0,0
400,70,0,0,0,0,0,0,0
390,70,0,0,0,0,0,0,0
383,70,0,0,0,0,0,0,0
378,70,0,0,0,0,0,0,0
369,70,0,0,0,0,0,0,0
370,70,0,0,0,0,0,0,0
356,70,0,0,0,0,0,0,0
366,70,0,0,0,0,0,0,0
351,70,0,0,0,0,0,0,0
378,70,0,0,0,0,0,0,0
347,70,0,0,0,0,0,0,0
359,70,0,0,0,0,0,0,0
368,70,0,0,0,0,0,0,0
360,70,0,0,0,0,0,0,0
354,70,0,0,0,0,0,0,0
361,70,0,0,0,0,0,0,0
354,70,0,0,0,0,0,0,0
363,70,0,0,0,0,0,0,0
362,70,0,0,0,0,0,0,0
372,70,0,0,0,0,0,0,0
361,70,0,0,0,0,0,0,0
370,70,0,0,0,0,0,0,0
378,70,0,0,0,0,0,0,0
384,70,0,0,0,0,0,0,0
395,70,0,0,0,0,0,0,0
395,70,0,0,0,0,0,0,0
399,70,0,0,0,0,0,0,0
395,70,0,0,0,0,0,0,0
397,70,0,0,0,0,0,0,0
403,70,0,0,0,0,0,0,0
409,70,0,0,0,0,0,0,0
398,70,0,0,0,0,0,0,0
401,70,0,0,0,0,0,0,0
397,70,0,0,0,0,0,0,0
398,70,0,0,0,0,0,0,0
402,70,0,0,0,0,0,0,0
396,70,0,0,0,0,0,0,0
391,70,0,0,0,0,0,0,0
343,70,0,0,0,0,0,0,0
373,70,0,0,0,0,0,0,0
370,70,0,0,0,0,0,0,0
396,70,0,0,0,0,0,0,0
428,70,0,0,0,0,0,0,0
467,70,0,0,0,0,0,0,0
512,70,0,0,0,0,0,0,0
554,70,0,0,0,0,0,0,0
583,70,0,0,0,0,0,0,0
597,70,0,0,0,0,0,0,0
584,70,0,0,0,0,0,0,0
543,70,0,0,0,0,0,0,0
496,70,0,0,0,0,0,0,0
426,70,0,0,0,0,0,0,0
335,70,0,0,0,0,0,0,0
255,70,0,0,0,0,0,0,0
188,70,0,0,0,0,0,0,0
121,70,0,0,0,0,0,0,0
64,70,0,0,0,0,0,0,0
3,70,0,0,0,0,0,0,0
-27,70,0,0,0,0,0,0,0
-13,70,0,0,0,0,0,0,0
20,70,0,0,0,0,0,0,0
90,70,0,0,0,0,0,0,0
171,70,0,0,0,0,0,0,0
276,70,0,0,0,0,0,0,0
385,70,0,0,0,0,0,0,0
496,70,0,0,0,0,0,0,0
588,70,0,0,0,0,0,0,0
642,70,0,0,0,0,0,0,0
681,70,0,0,0,0,0,0,0
697,70,0,0,0,0,0,0,0
691,70,0,0,0,0,0,0,0
676,70,0,0,0,0,0,0,0
638,70,0,0,0,0,0,0,0
593,70,0,0,0,0,0,0,0
548,70,0,0,0,0,0,0,0
507,70,0,0,0,0,0,0,0
469,70,0,0,0,0,0,0,0
433,70,0,0,0,0,0,0,0
404,70,0,0,0,0,0,0,0
377,70,0,0,0,0,0,0,0
358,70,0,0,0,0,0,0,0
348,70,0,0,0,0,0,0,0
338,70,0,0,0,0,0,0,0
339,70,0,0,0,0,0,0,0
337,70,0,0,0,0,0,0,0
338,70,0,0,0,0,0,0,0
338,70,0,0,0,0,0,0,0
341,68,0,0,0,0,0,0,0
353,68,0,0,0,0,0,0,0
354,68,0,0,0,0,0,0,0
363,68,0,0,0,0,0,0,0
357,68,0,0,0,0,0,0,0
363,68,0,0,0,0,0,0,0
369,68,0,0,0,0,0,0,0
371,68,0,0,0,0,0,0,0
376,68,0,0,0,0,0,0,0
387,68,0,0,0,0,0,0,0
388,68,0,0,0,0,0,0,0
392,68,0,0,0,0,0,0,0
385,68,0,0,0,0,0,0,0
386,68,0,0,0,0,0,0,0
394,68,0,0,0,0,0,0,0
391,68,0,0,0,0,0,0,0
389,68,0,0,0,0,0,0,0
385,68,0,0,0,0,0,0,0
384,68,0,0,0,0,0,0,0
389,68,0,0,0,0,0,0,0
394,68,0,0,0,0,0,0,0
394,68,0,0,0,0,0,0,0
387,68,0,0,0,0,0,0,0
396,68,0,0,0,0,0,0,0
391,68,0,0,0,0,0,0,0
393,68,0,0,0,0,0,0,0
399,68,0,0,0,0,0,0,0
408,68,0,0,0,0,0,0,0
402,68,0,0,0,0,0,0,0
399,68,0,0,0,0,0,0,0
397,68,0,0,0,0,0,0,0
396,68,0,0,0,0,0,0,0
401,68,0,0,0,0,0,0,0
403,68,0,0,0,0,0,0,0
403,68,0,0,0,0,0,0,0
413,68,0,0,0,0,0,0,0
392,68,0,0,0,0,0,0,0
398,68,0,0,0,0,0,0,0
405,68,0,0,0,0,0,0,0
398,68,0,0,0,0,0,0,0
391,68,0,0,0,0,0,0,0
392,68,0,0,0,0,0,0,0
389,68,0,0,0,0,0,0,0
388,68,0,0,0,0,0,0,0
401,68,0,0,0,0,0,0,0
401,68,0,0,0,0,0,0,0
408,68,0,0,0,0,0,0,0
401,68,0,0,0,0,0,0,0
399,68,0,0,0,0,0,0,0
400,68,0,0,0,0,0,0,0
397,68,0,0,0,0,0,0,0
396,68,0,0,0,0,0,0,0
390,68,0,0,0,0,0,0,0
423,68,0,0,0,0,0,0,0
374,68,0,0,0,0,0,0,0
381,68,0,0,0,0,0,0,0
382,68,0,0,0,0,0,0,0
380,68,0,0,0,0,0,0,0
375,68,0,0,0,0,0,0,0
363,68,0,0,0,0,0,0,0
360,68,0,0,0,0,0,0,0
360,68,0,0,0,0,0,0,0
358,68,0,0,0,0,0,0,0
358,68,0,0,0,0,0,0,0
342,68,0,0,0,0,0,0,0
341,68,0,0,0,0,0,0,0
327,68,0,0,0,0,0,0,0
327,68,0,0,0,0,0,0,0
333,68,0,0,0,0,0,0,0
328,68,0,0,0,0,0,0,0
324,68,0,0,0,0,0,0,0
320,68,0,0,0,0,0,0,0
318,68,0,0,0,0,0,0,0
328,68,0,0,0,0,0,0,0
330,68,0,0,0,0,0,0,0
336,68,0,0,0,0,0,0,0
352,68,0,0,0,0,0,0,0
335,68,0,0,0,0,0,0,0
348,68,0,0,0,0,0,0,0
361,68,0,0,0,0,0,0,0
372,68,0,0,0,0,0,0,0
375,68,0,0,0,0,0,0,0
377,68,0,0,0,0,0,0,0
375,68,0,0,0,0,0,0,0
383,68,0,0,0,0,0,0,0
386,68,0,0,0,0,0,0,0
398,68,0,0,0,0,0,0,0
404,68,0,0,0,0,0,0,0
398,68,0,0,0,0,0,0,0
407,68,0,0,0,0,0,0,0
410,68,0,0,0,0,0,0,0
413,68,0,0,0,0,0,0,0
417,68,0,0,0,0,0,0,0
421,68,0,0,0,0,0,0,0
414,68,0,0,0,0,0,0,0
413,68,0,0,0,0,0,0,0
413,68,0,0,0,0,0,0,0
419,68,0,0,0,0,0,0,0
420,68,0,0,0,0,0,0,0
414,68,0,0,0,0,0,0,0
403,68,0,0,0,0,0,0,0
400,68,0,0,0,0,0,0,0
395,68,0,0,0,0,0,0,0
400,68,0,0,0,0,0,0,0
405,68,0,0,0,0,0,0,0
404,68,0,0,0,0,0,0,0
403,68,0,0,0,0,0,0,0
405,68,0,0,0,0,0,0,0
408,68,0,0,0,0,0,0,0
412,68,0,0,0,0,0,0,0
416,68,0,0,0,0,0,0,0
417,68,0,0,0,0,0,0,0
408,68,0,0,0,0,0,0,0
404,68,0,0,0,0,0,0,0
401,68,0,0,0,0,0,0,0
400,68,0,0,0,0,0,0,0
397,68,0,0,0,0,0,0,0
402,68,0,0,0,0,0,0,0
392,68,0,0,0,0,0,0,0
390,68,0,0,0,0,0,0,0
391,68,0,0,0,0,0,0,0
390,68,0,0,0,0,0,0,0
397,68,0,0,0,0,0,0,0
393,68,0,0,0,0,0,0,0
383,68,0,0,0,0,0,0,0
387,68,0,0,0,0,0,0,0
382,68,0,0,0,0,0,0,0
385,68,0,0,0,0,0,0,0
387,68,0,0,0,0,0,0,0
386,68,0,0,0,0,0,0,0
388,68,0,0,0,0,0,0,0
387,68,0,0,0,0,0,0,0
389,68,0,0,0,0,0,0,0
387,68,0,0,0,0,0,0,0
394,68,0,0,0,0,0,0,0
397,68,0,0,0,0,0,0,0
389,68,0,0,0,0,0,0,0
391,68,0,0,0,0,0,0,0
383,68,0,0,0,0,0,0,0
388,68,0,0,0,0,0,0,0
383,68,0,0,0,0,0,0,0
385,68,0,0,0,0,0,0,0
388,68,0,0,0,0,0,0,0
385,68,0,0,0,0,0,0,0
388,68,0,0,0,0,0,0,0
383,68,0,0,0,0,0,0,0
386,68,0,0,0,0,0,0,0
390,68,0,0,0,0,0,0,0
385,68,0,0,0,0,0,0,0
386,68,0,0,0,0,0,0,0
383,68,0,0,0,0,0,0,0
384,68,0,0,0,0,0,0,0
391,68,0,0,0,0,0,0,0
389,68,0,0,0,0,0,0,0
394,68,0,0,0,0,0,0,0
399,68,0,0,0,0,0,0,0
391,68,0,0,0,0,0,0,0
396,68,0,0,0,0,0,0,0
400,68,0,0,0,0,0,0,0
399,68,0,0,0,0,0,0,0
399,68,0,0,0,0,0,0,0
399,68,0,0,0,0,0,0,0
384,68,0,0,0,0,0,0,0
389,68,0,0,0,0,0,0,0
388,68,0,0,0,0,0,0,0
388,68,0,0,0,0,0,0,0
379,68,0,0,0,0,0,0,0
386,68,0,0,0,0,0,0,0
384,68,0,0,0,0,0,0,0
387,68,0,0,0,0,0,0,0
390,68,0,0,0,0,0,0,0
393,68,0,0,0,0,0,0,0
386,68,0,0,0,0,0,0,0
384,68,0,0,0,0,0,0,0
381,68,0,0,0,0,0,0,0
391,68,0,0,0,0,0,0,0
393,68,0,0,0,0,0,0,0
392,68,0,0,0,0,0,0,0
391,68,0,0,0,0,0,0,0
393,68,0,0,0,0,0,0,0
395,68,0,0,0,0,0,0,0
395,68,0,0,0,0,0,0,0
397,68,0,0,0,0,0,0,0
391,68,0,0,0,0,0,0,0
385,68,0,0,0,0,0,0,0
382,68,0,0,0,0,0,0,0
387,68,0,0,0,0,0,0,0
388,68,0,0,0,0,0,0,0
394,68,0,0,0,0,0,0,0
388,68,0,0,0,0,0,0,0
385,68,0,0,0,0,0,0,0
382,68,0,0,0,0,0,0,0
375,68,0,0,0,0,0,0,0
381,68,0,0,0,0,0,0,0
391,68,0,0,0,0,0,0,0
389,68,0,0,0,0,0,0,0
396,68,0,0,0,0,0,0,0
393,68,0,0,0,0,0,0,0
398,68,0,0,0,0,0,0,0
398,68,0,0,0,0,0,0,0
408,68,0,0,0,0,0,0,0
399,68,0,0,0,0,0,0,0
398,68,0,0,0,0,0,0,0
400,68,0,0,0,0,0,0,0
399,68,0,0,0,0,0,0,0
401,68,0,0,0,0,0,0,0
411,68,0,0,0,0,0,0,0
403,68,0,0,0,0,0,0,0
399,68,0,0,0,0,0,0,0
396,68,0,0,0,0,0,0,0
388,68,0,0,0,0,0,0,0
394,68,0,0,0,0,0,0,0
393,68,0,0,0,0,0,0,0
395,68,0,0,0,0,0,0,0
396,68,0,0,0,0,0,0,0
380,68,0,0,0,0,0,0,0
385,68,0,0,0,0,0,0,0
378,68,0,0,0,0,0,0,0
379,68,0,0,0,0,0,0,0
382,68,0,0,0,0,0,0,0
373,68,0,0,0,0,0,0,0
372,68,0,0,0,0,0,0,0
371,68,0,0,0,0,0,0,0
373,68,0,0,0,0,0,0,0
372,68,0,0,0,0,0,0,0
374,68,0,0,0,0,0,0,0
370,68,0,0,0,0,0,0,0
367,68,0,0,0,0,0,0,0
363,68,0,0,0,0,0,0,0
361,68,0,0,0,0,0,0,0
372,68,0,0,0,0,0,0,0
363,68,0,0,0,0,0,0,0
388,68,0,0,0,0,0,0,0
370,68,0,0,0,0,0,0,0
384,68,0,0,0,0,0,0,0
389,68,0,0,0,0,0,0,0
398,68,0,0,0,0,0,0,0
404,68,0,0,0,0,0,0,0
398,68,0,0,0,0,0,0,0
400,68,0,0,0,0,0,0,0
398,68,0,0,0,0,0,0,0
394,68,0,0,0,0,0,0,0
400,68,0,0,0,0,0,0,0
399,68,0,0,0,0,0,0,0
395,68,0,0,0,0,0,0,0
398,68,0,0,0,0,0,0,0
401,68,0,0,0,0,0,0,0
403,68,0,0,0,0,0,0,0
409,68,0,0,0,0,0,0,0
404,68,0,0,0,0,0,0,0
387,68,0,0,0,0,0,0,0
376,68,0,0,0,0,0,0,0
378,68,0,0,0,0,0,0,0
382,68,0,0,0,0,0,0,0
407,68,0,0,0,0,0,0,0
429,68,0,0,0,0,0,0,0
461,68,0,0,0,0,0,0,0
503,68,0,0,0,0,0,0,0
538,68,0,0,0,0,0,0,0
568,68,0,0,0,0,0,0,0
576,68,0,0,0,0,0,0,0
560,68,0,0,0,0,0,0,0
524,68,0,0,0,0,0,0,0
480,68,0,0,0,0,0,0,0
408,68,0,0,0,0,0,0,0
340,68,0,0,0,0,0,0,0
263,68,0,0,0,0,0,0,0
199,68,0,0,0,0,0,0,0
141,68,0,0,0,0,0,0,0
88,68,0,0,0,0,0,0,0
49,68,0,0,0,0,0,0,0
21,68,0,0,0,0,0,0,0
25,68,0,0,0,0,0,0,0
50,68,0,0,0,0,0,0,0
108,79,0,0,0,0,0,0,0
187,79,0,0,0,0,0,0,0
285,79,0,0,0,0,0,0,0
391,79,0,0,0,0,0,0,0
495,79,0,0,0,0,0,0,0
589,79,0,0,0,0,0,0,0
632,79,0,0,0,0,0,0,0
676,79,0,0,0,0,0,0,0
694,79,0,0,0,0,0,0,0
701,79,0,0,0,0,0,0,0
682,79,0,0,0,0,0,0,0
643,79,0,0,0,0,0,0,0
610,79,0,0,0,0,0,0,0
562,79,0,0,0,0,0,0,0
516,79,0,0,0,0,0,0,0
485,79,0,0,0,0,0,0,0
450,79,0,0,0,0,0,0,0
412,79,0,0,0,0,0,0,0
382,79,0,0,0,0,0,0,0
368,79,0,0,0,0,0,0,0
355,79,0,0,0,0,0,0,0
315,79,0,0,0,0,0,0,0
348,79,0,0,0,0,0,0,0
330,79,0,0,0,0,0,0,0
312,79,0,0,0,0,0,0,0
323,79,0,0,0,0,0,0,0
334,79,0,0,0,0,0,0,0
333,79,0,0,0,0,0,0,0
349,79,0,0,0,0,0,0,0
352,79,0,0,0,0,0,0,0
357,79,0,0,0,0,0,0,0
359,79,0,0,0,0,0,0,0
364,79,0,0,0,0,0,0,0
377,79,0,0,0,0,0,0,0
384,79,0,0,0,0,0,0,0
383,79,0,0,0,0,0,0,0
382,79,0,0,0,0,0,0,0
385,79,0,0,0,0,0,0,0
390,79,0,0,0,0,0,0,0
390,79,0,0,0,0,0,0,0
400,79,0,0,0,0,0,0,0
399,79,0,0,0,0,0,0,0
402,79,0,0,0,0,0,0,0
391,79,0,0,0,0,0,0,0
389,79,0,0,0,0,0,0,0
396,79,0,0,0,0,0,0,0
407,79,0,0,0,0,0,0,0
406,79,0,0,0,0,0,0,0
403,79,0,0,0,0,0,0,0
402,79,0,0,0,0,0,0,0
407,79,0,0,0,0,0,0,0
405,79,0,0,0,0,0,0,0
402,79,0,0,0,0,0,0,0
393,79,0,0,0,0,0,0,0
391,79,0,0,0,0,0,0,0
386,79,0,0,0,0,0,0,0
393,79,0,0,0,0,0,0,0
385,79,0,0,0,0,0,0,0
394,79,0,0,0,0,0,0,0
392,79,0,0,0,0,0,0,0
373,79,0,0,0,0,0,0,0
395,79,0,0,0,0,0,0,0
400,79,0,0,0,0,0,0,0
408,79,0,0,0,0,0,0,0
411,79,0,0,0,0,0,0,0
415,79,0,0,0,0,0,0,0
410,79,0,0,0,0,0,0,0
411,79,0,0,0,0,0,0,0
410,79,0,0,0,0,0,0,0
414,79,0,0,0,0,0,0,0
414,79,0,0,0,0,0,0,0
412,79,0,0,0,0,0,0,0
411,79,0,0,0,0,0,0,0
410,79,0,0,0,0,0,0,0
404,79,0,0,0,0,0,0,0
408,79,0,0,0,0,0,0,0
406,79,0,0,0,0,0,0,0
402,79,0,0,0,0,0,0,0
399,79,0,0,0,0,0,0,0
389,79,0,0,0,0,0,0,0
390,79,0,0,0,0,0,0,0
386,79,0,0,0,0,0,0,0
380,79,0,0,0,0,0,0,0
375,79,0,0,0,0,0,0,0
362,79,0,0,0,0,0,0,0
357,79,0,0,0,0,0,0,0
344,79,0,0,0,0,0,0,0
357,79,0,0,0,0,0,0,0
351,79,0,0,0,0,0,0,0
349,79,0,0,0,0,0,0,0
341,79,0,0,0,0,0,0,0
336,79,0,0,0,0,0,0,0
333,79,0,0,0,0,0,0,0
332,79,0,0,0,0,0,0,0
330,79,0,0,0,0,0,0,0
326,79,0,0,0,0,0,0,0
324,79,0,0,0,0,0,0,0
326,79,0,0,0,0,0,0,0
329,79,0,0,0,0,0,0,0
338,79,0,0,0,0,0,0,0
343,79,0,0,0,0,0,0,0
344,79,0,0,0,0,0,0,0
347,79,0,0,0,0,0,0,0
352,79,0,0,0,0,0,0,0
358,79,0,0,0,0,0,0,0
359,79,0,0,0,0,0,0,0
365,79,0,0,0,0,0,0,0
373,79,0,0,0,0,0,0,0
379,79,0,0,0,0,0,0,0
377,79,0,0,0,0,0,0,0
394,79,0,0,0,0,0,0,0
398,79,0,0,0,0,0,0,0
402,79,0,0,0,0,0,0,0
403,79,0,0,0,0,0,0,0
411,79,0,0,0,0,0,0,0
408,79,0,0,0,0,0,0,0
409,79,0,0,0,0,0,0,0
418,79,0,0,0,0,0,0,0
419,79,0,0,0,0,0,0,0
419,79,0,0,0,0,0,0,0
422,79,0,0,0,0,0,0,0
417,79,0,0,0,0,0,0,0
419,79,0,0,0,0,0,0,0
426,79,0,0,0,0,0,0,0
436,79,0,0,0,0,0,0,0
423,79,0,0,0,0,0,0,0
416,79,0,0,0,0,0,0,0
424,79,0,0,0,0,0,0,0
422,79,0,0,0,0,0,0,0
420,79,0,0,0,0,0,0,0
415,79,0,0,0,0,0,0,0
408,79,0,0,0,0,0,0,0
408,79,0,0,0,0,0,0,0
399,79,0,0,0,0,0,0,0
400,79,0,0,0,0,0,0,0
396,79,0,0,0,0,0,0,0
412,79,0,0,0,0,0,0,0
406,79,0,0,0,0,0,0,0
401,79,0,0,0,0,0,0,0
400,79,0,0,0,0,0,0,0
403,79,0,0,0,0,0,0,0
413,79,0,0,0,0,0,0,0
403,79,0,0,0,0,0,0,0
395,79,0,0,0,0,0,0,0
392,79,0,0,0,0,0,0,0
393,79,0,0,0,0,0,0,0
397,79,0,0,0,0,0,0,0
398,79,0,0,0,0,0,0,0
403,79,0,0,0,0,0,0,0
395,79,0,0,0,0,0,0,0
392,79,0,0,0,0,0,0,0
389,79,0,0,0,0,0,0,0
390,79,0,0,0,0,0,0,0
391,79,0,0,0,0,0,0,0
398,79,0,0,0,0,0,0,0
389,79,0,0,0,0,0,0,0
395,79,0,0,0,0,0,0,0
393,79,0,0,0,0,0,0,0
397,79,0,0,0,0,0,0,0
383,79,0,0,0,0,0,0,0
387,79,0,0,0,0,0,0,0
382,79,0,0,0,0,0,0,0
384,79,0,0,0,0,0,0,0
388,79,0,0,0,0,0,0,0
379,79,0,0,0,0,0,0,0
384,79,0,0,0,0,0,0,0
387,79,0,0,0,0,0,0,0
395,79,0,0,0,0,0,0,0
390,79,0,0,0,0,0,0,0
387,79,0,0,0,0,0,0,0
389,79,0,0,0,0,0,0,0
396,79,0,0,0,0,0,0,0
399,79,0,0,0,0,0,0,0
396,79,0,0,0,0,0,0,0
399,79,0,0,0,0,0,0,0
392,79,0,0,0,0,0,0,0
403,79,0,0,0,0,0,0,0
401,79,0,0,0,0,0,0,0
402,79,0,0,0,0,0,0,0
396,79,0,0,0,0,0,0,0
394,79,0,0,0,0,0,0,0
389,79,0,0,0,0,0,0,0
394,79,0,0,0,0,0,0,0
398,79,0,0,0,0,0,0,0
400,79,0,0,0,0,0,0,0
399,79,0,0,0,0,0,0,0
394,79,0,0,0,0,0,0,0
393,79,0,0,0,0,0,0,0
396,79,0,0,0,0,0,0,0
399,79,0,0,0,0,0,0,0
396,79,0,0,0,0,0,0,0
391,79,0,0,0,0,0,0,0
394,79,0,0,0,0,0,0,0
393,79,0,0,0,0,0,0,0
394,79,0,0,0,0,0,0,0
398,79,0,0,0,0,0,0,0
393,79,0,0,0,0,0,0,0
389,79,0,0,0,0,0,0,0
393,79,0,0,0,0,0,0,0
388,79,0,0,0,0,0,0,0
395,79,0,0,0,0,0,0,0
396,79,0,0,0,0,0,0,0
398,79,0,0,0,0,0,0,0
401,79,0,0,0,0,0,0,0
391,79,0,0,0,0,0,0,0
394,79,0,0,0,0,0,0,0
396,79,0,0,0,0,0,0,0
396,79,0,0,0,0,0,0,0
396,79,0,0,0,0,0,0,0
400,79,0,0,0,0,0,0,0
395,79,0,0,0,0,0,0,0
391,79,0,0,0,0,0,0,0
395,79,0,0,0,0,0,0,0
399,79,0,0,0,0,0,0,0
398,79,0,0,0,0,0,0,0
393,79,0,0,0,0,0,0,0
387,79,0,0,0,0,0,0,0
384,79,0,0,0,0,0,0,0
385,79,0,0,0,0,0,0,0
389,79,0,0,0,0,0,0,0
392,79,0,0,0,0,0,0,0
384,79,0,0,0,0,0,0,0
381,79,0,0,0,0,0,0,0
383,79,0,0,0,0,0,0,0
390,79,0,0,0,0,0,0,0
389,79,0,0,0,0,0,0,0
407,79,0,0,0,0,0,0,0
392,79,0,0,0,0,0,0,0
397,79,0,0,0,0,0,0,0
406,79,0,0,0,0,0,0,0
409,79,0,0,0,0,0,0,0
409,79,0,0,0,0,0,0,0
417,79,0,0,0,0,0,0,0
413,79,0,0,0,0,0,0,0
409,79,0,0,0,0,0,0,0
405,79,0,0,0,0,0,0,0
413,79,0,0,0,0,0,0,0
408,79,0,0,0,0,0,0,0
405,79,0,0,0,0,0,0,0
404,79,0,0,0,0,0,0,0
411,79,0,0,0,0,0,0,0
408,79,0,0,0,0,0,0,0
413,79,0,0,0,0,0,0,0
417,79,0,0,0,0,0,0,0
406,79,0,0,0,0,0,0,0
387,79,0,0,0,0,0,0,0
380,79,0,0,0,0,0,0,0
380,79,0,0,0,0,0,0,0
372,79,0,0,0,0,0,0,0
373,79,0,0,0,0,0,0,0
364,79,0,0,0,0,0,0,0
360,79,0,0,0,0,0,0,0
361,79,0,0,0,0,0,0,0
360,79,0,0,0,0,0,0,0
363,79,0,0,0,0,0,0,0
371,79,0,0,0,0,0,0,0
371,79,0,0,0,0,0,0,0
371,79,0,0,0,0,0,0,0
362,79,0,0,0,0,0,0,0
343,79,0,0,0,0,0,0,0
376,79,0,0,0,0,0,0,0
375,79,0,0,0,0,0,0,0
381,79,0,0,0,0,0,0,0
381,79,0,0,0,0,0,0,0
391,79,0,0,0,0,0,0,0
391,79,0,0,0,0,0,0,0
394,79,0,0,0,0,0,0,0
396,79,0,0,0,0,0,0,0
377,79,0,0,0,0,0,0,0
398,79,0,0,0,0,0,0,0
395,79,0,0,0,0,0,0,0
402,79,0,0,0,0,0,0,0
405,79,0,0,0,0,0,0,0
413,79,0,0,0,0,0,0,0
415,79,0,0,0,0,0,0,0
407,79,0,0,0,0,0,0,0
405,79,0,0,0,0,0,0,0
406,79,0,0,0,0,0,0,0
403,79,0,0,0,0,0,0,0
402,79,0,0,0,0,0,0,0
388,79,0,0,0,0,0,0,0
388,79,0,0,0,0,0,0,0
379,79,0,0,0,0,0,0,0
392,79,0,0,0,0,0,0,0
458,79,0,0,0,0,0,0,0
447,79,0,0,0,0,0,0,0
499,79,0,0,0,0,0,0,0
536,79,0,0,0,0,0,0,0
569,79,0,0,0,0,0,0,0
575,79,0,0,0,0,0,0,0
564,79,0,0,0,0,0,0,0
530,79,0,0,0,0,0,0,0
499,79,0,0,0,0,0,0,0
434,79,0,0,0,0,0,0,0
372,79,0,0,0,0,0,0,0
306,79,0,0,0,0,0,0,0
247,79,0,0,0,0,0,0,0
203,79,0,0,0,0,0,0,0
153,79,0,0,0,0,0,0,0
99,79,0,0,0,0,0,0,0
54,79,0,0,0,0,0,0,0
30,79,0,0,0,0,0,0,0
45,79,0,0,0,0,0,0,0
88,78,0,0,0,0,0,0,0
158,78,0,0,0,0,0,0,0
248,78,0,0,0,0,0,0,0
348,78,0,0,0,0,0,0,0
448,78,0,0,0,0,0,0,0
546,78,0,0,0,0,0,0,0
616,78,0,0,0,0,0,0,0
660,78,0,0,0,0,0,0,0
684,78,0,0,0,0,0,0,0
689,78,0,0,0,0,0,0,0
671,78,0,0,0,0,0,0,0
641,78,0,0,0,0,0,0,0
609,78,0,0,0,0,0,0,0
559,78,0,0,0,0,0,0,0
517,78,0,0,0,0,0,0,0
482,78,0,0,0,0,0,0,0
444,78,0,0,0,0,0,0,0
423,78,0,0,0,0,0,0,0
397,78,0,0,0,0,0,0,0
399,78,0,0,0,0,0,0,0
366,78,0,0,0,0,0,0,0
352,78,0,0,0,0,0,0,0
352,78,0,0,0,0,0,0,0
352,78,0,0,0,0,0,0,0
354,78,0,0,0,0,0,0,0
353,78,0,0,0,0,0,0,0
359,78,0,0,0,0,0,0,0
356,78,0,0,0,0,0,0,0
365,78,0,0,0,0,0,0,0
369,78,0,0,0,0,0,0,0
372,78,0,0,0,0,0,0,0
377,78,0,0,0,0,0,0,0
376,78,0,0,0,0,0,0,0
384,78,0,0,0,0,0,0,0
388,78,0,0,0,0,0,0,0
430,78,0,0,0,0,0,0,0
391,78,0,0,0,0,0,0,0
395,78,0,0,0,0,0,0,0
394,78,0,0,0,0,0,0,0
402,78,0,0,0,0,0,0,0
392,78,0,0,0,0,0,0,0
402,78,0,0,0,0,0,0,0
397,78,0,0,0,0,0,0,0
402,78,0,0,0,0,0,0,0
404,78,0,0,0,0,0,0,0
393,78,0,0,0,0,0,0,0
399,78,0,0,0,0,0,0,0
389,78,0,0,0,0,0,0,0
397,78,0,0,0,0,0,0,0
397,78,0,0,0,0,0,0,0
398,78,0,0,0,0,0,0,0
395,78,0,0,0,0,0,0,0
398,78,0,0,0,0,0,0,0
396,78,0,0,0,0,0,0,0
398,78,0,0,0,0,0,0,0
399,78,0,0,0,0,0,0,0
391,78,0,0,0,0,0,0,0
399,78,0,0,0,0,0,0,0
400,78,0,0,0,0,0,0,0
409,78,0,0,0,0,0,0,0
414,78,0,0,0,0,0,0,0
415,78,0,0,0,0,0,0,0
420,78,0,0,0,0,0,0,0
428,78,0,0,0,0,0,0,0
417,78,0,0,0,0,0,0,0
422,78,0,0,0,0,0,0,0
423,78,0,0,0,0,0,0,0
435,78,0,0,0,0,0,0,0
408,78,0,0,0,0,0,0,0
416,78,0,0,0,0,0,0,0
415,78,0,0,0,0,0,0,0
416,78,0,0,0,0,0,0,0
418,78,0,0,0,0,0,0,0
412,78,0,0,0,0,0,0,0
407,78,0,0,0,0,0,0,0
401,78,0,0,0,0,0,0,0
404,78,0,0,0,0,0,0,0
407,78,0,0,0,0,0,0,0
398,78,0,0,0,0,0,0,0
400,78,0,0,0,0,0,0,0
396,78,0,0,0,0,0,0,0
391,78,0,0,0,0,0,0,0
388,78,0,0,0,0,0,0,0
386,78,0,0,0,0,0,0,0
381,78,0,0,0,0,0,0,0
388,78,0,0,0,0,0,0,0
367,78,0,0,0,0,0,0,0
360,78,0,0,0,0,0,0,0
354,78,0,0,0,0,0,0,0
350,78,0,0,0,0,0,0,0
352,78,0,0,0,0,0,0,0
346,78,0,0,0,0,0,0,0
343,78,0,0,0,0,0,0,0
337,78,0,0,0,0,0,0,0
341,78,0,0,0,0,0,0,0
338,78,0,0,0,0,0,0,0
331,78,0,0,0,0,0,0,0
332,78,0,0,0,0,0,0,0
333,78,0,0,0,0,0,0,0
334,78,0,0,0,0,0,0,0
328,78,0,0,0,0,0,0,0
337,78,0,0,0,0,0,0,0
349,78,0,0,0,0,0,0,0
347,78,0,0,0,0,0,0,0
357,78,0,0,0,0,0,0,0
361,78,0,0,0,0,0,0,0
365,78,0,0,0,0,0,0,0
381,78,0,0,0,0,0,0,0
395,78,0,0,0,0,0,0,0
392,78,0,0,0,0,0,0,0
392,78,0,0,0,0,0,0,0
391,78,0,0,0,0,0,0,0
401,78,0,0,0,0,0,0,0
402,78,0,0,0,0,0,0,0
407,78,0,0,0,0,0,0,0
404,78,0,0,0,0,0,0,0
410,78,0,0,0,0,0,0,0
416,78,0,0,0,0,0,0,0
417,78,0,0,0,0,0,0,0
420,78,0,0,0,0,0,0,0
425,78,0,0,0,0,0,0,0
416,78,0,0,0,0,0,0,0
418,78,0,0,0,0,0,0,0
420,78,0,0,0,0,0,0,0
420,78,0,0,0,0,0,0,0
419,78,0,0,0,0,0,0,0
431,78,0,0,0,0,0,0,0
427,78,0,0,0,0,0,0,0
424,78,0,0,0,0,0,0,0
421,78,0,0,0,0,0,0,0
424,78,0,0,0,0,0,0,0
425,78,0,0,0,0,0,0,0
424,78,0,0,0,0,0,0,0
420,78,0,0,0,0,0,0,0
416,78,0,0,0,0,0,0,0
410,78,0,0,0,0,0,0,0
404,78,0,0,0,0,0,0,0
410,78,0,0,0,0,0,0,0
414,78,0,0,0,0,0,0,0
409,78,0,0,0,0,0,0,0
405,78,0,0,0,0,0,0,0
402,78,0,0,0,0,0,0,0
404,78,0,0,0,0,0,0,0
408,78,0,0,0,0,0,0,0
407,78,0,0,0,0,0,0,0
407,78,0,0,0,0,0,0,0
407,78,0,0,0,0,0,0,0
405,78,0,0,0,0,0,0,0
398,78,0,0,0,0,0,0,0
403,78,0,0,0,0,0,0,0
396,78,0,0,0,0,0,0,0
394,78,0,0,0,0,0,0,0
390,78,0,0,0,0,0,0,0
387,78,0,0,0,0,0,0,0
396,78,0,0,0,0,0,0,0
401,78,0,0,0,0,0,0,0
397,78,0,0,0,0,0,0,0
399,78,0,0,0,0,0,0,0
393,78,0,0,0,0,0,0,0
388,78,0,0,0,0,0,0,0
393,78,0,0,0,0,0,0,0
394,78,0,0,0,0,0,0,0
396,78,0,0,0,0,0,0,0
400,78,0,0,0,0,0,0,0
395,78,0,0,0,0,0,0,0
389,78,0,0,0,0,0,0,0
399,78,0,0,0,0,0,0,0
403,78,0,0,0,0,0,0,0
401,78,0,0,0,0,0,0,0
402,78,0,0,0,0,0,0,0
397,78,0,0,0,0,0,0,0
396,78,0,0,0,0,0,0,0
401,78,0,0,0,0,0,0,0
394,78,0,0,0,0,0,0,0
410,78,0,0,0,0,0,0,0
389,78,0,0,0,0,0,0,0
387,78,0,0,0,0,0,0,0
390,78,0,0,0,0,0,0,0
391,78,0,0,0,0,0,0,0
394,78,0,0,0,0,0,0,0
397,78,0,0,0,0,0,0,0
393,78,0,0,0,0,0,0,0
401,78,0,0,0,0,0,0,0
397,78,0,0,0,0,0,0,0
400,78,0,0,0,0,0,0,0
404,78,0,0,0,0,0,0,0
404,78,0,0,0,0,0,0,0
405,78,0,0,0,0,0,0,0
401,78,0,0,0,0,0,0,0
384,78,0,0,0,0,0,0,0
418,78,0,0,0,0,0,0,0
401,78,0,0,0,0,0,0,0
402,78,0,0,0,0,0,0,0
365,78,0,0,0,0,0,0,0
396,78,0,0,0,0,0,0,0
387,78,0,0,0,0,0,0,0
386,78,0,0,0,0,0,0,0
396,78,0,0,0,0,0,0,0
404,78,0,0,0,0,0,0,0
396,78,0,0,0,0,0,0,0
400,78,0,0,0,0,0,0,0
398,78,0,0,0,0,0,0,0
395,78,0,0,0,0,0,0,0
400,78,0,0,0,0,0,0,0
395,78,0,0,0,0,0,0,0
399,78,0,0,0,0,0,0,0
404,78,0,0,0,0,0,0,0
400,78,0,0,0,0,0,0,0
398,78,0,0,0,0,0,0,0
400,78,0,0,0,0,0,0,0
403,78,0,0,0,0,0,0,0
395,78,0,0,0,0,0,0,0
401,78,0,0,0,0,0,0,0
400,78,0,0,0,0,0,0,0
391,78,0,0,0,0,0,0,0
398,78,0,0,0,0,0,0,0
397,78,0,0,0,0,0,0,0
397,78,0,0,0,0,0,0,0
393,78,0,0,0,0,0,0,0
393,78,0,0,0,0,0,0,0
388,78,0,0,0,0,0,0,0
395,78,0,0,0,0,0,0,0
397,78,0,0,0,0,0,0,0
397,78,0,0,0,0,0,0,0
391,78,0,0,0,0,0,0,0
390,78,0,0,0,0,0,0,0
395,78,0,0,0,0,0,0,0
392,78,0,0,0,0,0,0,0
397,78,0,0,0,0,0,0,0
399,78,0,0,0,0,0,0,0
418,78,0,0,0,0,0,0,0
394,78,0,0,0,0,0,0,0
404,78,0,0,0,0,0,0,0
408,78,0,0,0,0,0,0,0
407,78,0,0,0,0,0,0,0
417,78,0,0,0,0,0,0,0
408,78,0,0,0,0,0,0,0
410,78,0,0,0,0,0,0,0
412,78,0,0,0,0,0,0,0
411,78,0,0,0,0,0,0,0
412,78,0,0,0,0,0,0,0
411,78,0,0,0,0,0,0,0
407,78,0,0,0,0,0,0,0
405,78,0,0,0,0,0,0,0
404,78,0,0,0,0,0,0,0
411,78,0,0,0,0,0,0,0
418,78,0,0,0,0,0,0,0
407,78,0,0,0,0,0,0,0
402,78,0,0,0,0,0,0,0
399,78,0,0,0,0,0,0,0
403,78,0,0,0,0,0,0,0
400,78,0,0,0,0,0,0,0
402,78,0,0,0,0,0,0,0
395,78,0,0,0,0,0,0,0
397,78,0,0,0,0,0,0,0
390,78,0,0,0,0,0,0,0
392,78,0,0,0,0,0,0,0
392,78,0,0,0,0,0,0,0
389,78,0,0,0,0,0,0,0
381,78,0,0,0,0,0,0,0
377,78,0,0,0,0,0,0,0
373,78,0,0,0,0,0,0,0
369,78,0,0,0,0,0,0,0
378,78,0,0,0,0,0,0,0
373,78,0,0,0,0,0,0,0
372,78,0,0,0,0,0,0,0
370,78,0,0,0,0,0,0,0
362,78,0,0,0,0,0,0,0
377,78,0,0,0,0,0,0,0
373,78,0,0,0,0,0,0,0
374,78,0,0,0,0,0,0,0
371,78,0,0,0,0,0,0,0
376,78,0,0,0,0,0,0,0
382,78,0,0,0,0,0,0,0
390,78,0,0,0,0,0,0,0
397,78,0,0,0,0,0,0,0
407,78,0,0,0,0,0,0,0
405,78,0,0,0,0,0,0,0
407,78,0,0,0,0,0,0,0
410,78,0,0,0,0,0,0,0
410,78,0,0,0,0,0,0,0
420,78,0,0,0,0,0,0,0
419,78,0,0,0,0,0,0,0
412,78,0,0,0,0,0,0,0
407,78,0,0,0,0,0,0,0
